lambda_nm,T_LL,T_LR,T_RL,T_RR
500.0,(0.4362043808115243+0.28956064345024135j),(-0.00959553338615518-0.0850624917987988j),(-0.10822169450255095+0.013039521573287562j),(0.4401747095121696+0.28403438529085845j)
500.99999999999994,(0.44223132469632936+0.27769397369074283j),(-0.012962078511029818-0.086760366018639j),(-0.10925157614400166+0.01758023445971453j),(0.44580974023280723+0.272087381331433j)
501.99999999999994,(0.44784853991691154+0.2657881517588958j),(-0.01649667443721655-0.08829817059566848j),(-0.11009187792385014+0.022204191021166372j),(0.4510227384174399+0.26013499488914194j)
503.0,(0.4530730085000784+0.25387148343271304j),(-0.020189716350361098-0.0896977320891373j),(-0.11076788091814377+0.026905016778301108j),(0.45585712135802986+0.24821524934127573j)
503.99999999999994,(0.45792654017994955+0.2419472561514247j),(-0.02406402417095154-0.09095614665951905j),(-0.1112802391035207+0.031712317336860266j),(0.46034575917305004+0.23631445313348093j)
504.99999999999994,(0.4624032043653646+0.2300087081760498j),(-0.028128172402389254-0.0920374461415873j),(-0.11158729750704548+0.03663582454418672j),(0.4644749245553647+0.22441992020611956j)
506.0,(0.4664794455184622+0.21807802425046943j),(-0.032360505149203106-0.09291035752339884j),(-0.11165868283651328+0.04163798321602234j),(0.4682259158864379+0.21256031676508744j)
507.0,(0.47015784703520563+0.20620522839699026j),(-0.036737858230586465-0.09356726751716893j),(-0.11151294749375516+0.04668198544101426j),(0.4716167906416549+0.20077386449811865j)
507.99999999999994,(0.47347782445735304+0.19442361827746496j),(-0.04125398396049798-0.09400241499676064j),(-0.111178479698503+0.05177852352079422j),(0.47467841490349666+0.18906687114066395j)
509.0,(0.4764753861708+0.18272702699607074j),(-0.04590141730452041-0.09419537532347455j),(-0.11064019018032212+0.056958498682596226j),(0.4774135172722378+0.17743178977895624j)
510.0,(0.47915083770890393+0.1711011858894995j),(-0.05065600492285284-0.09412836684816223j),(-0.10985327132198046+0.06221689661512331j),(0.47980994556637074+0.16588852821963454j)
510.99999999999994,(0.4814886361715117+0.15956132696654193j),(-0.05549471852927537-0.09380293924628687j),(-0.10879779963504835+0.06751307313322517j),(0.4818834916911493+0.15447639273501254j)
511.99999999999994,(0.4834956106989448+0.1481441873925739j),(-0.06041610160217946-0.09322217658069497j),(-0.10748991463860898+0.07282010954939395j),(0.48367668661759716+0.14320951985737412j)
513.0,(0.4852031319662155+0.13687326234400926j),(-0.06542472568551591-0.09236465466051808j),(-0.10593979052615296+0.07814434754422667j),(0.48521378572775814+0.13206937989605672j)
513.9999999999999,(0.4866384514825104+0.12574972042605487j),(-0.07049936309663435-0.0911942987657455j),(-0.1041266761993066+0.08349110351842845j),(0.4864835157386673+0.1210477574922455j)
514.9999999999999,(0.4878124747184248+0.11477457304121477j),(-0.07559372658475917-0.08969585240004756j),(-0.10202590631669405+0.08883637439827079j),(0.48747701905751384+0.11017365749411376j)
516.0,(0.4887371100461539+0.10396129312607225j),(-0.08067145013097916-0.08788506262288505j),(-0.09963919794295871+0.0941472883230333j),(0.4882230608266254+0.09948345763672789j)
517.0,(0.48943758444062563+0.09332086001367076j),(-0.0857264434687352-0.08577880115289975j),(-0.09698003457219967+0.09941370689106131j),(0.48876883311971214+0.08898013423319998j)
518.0,(0.4899382521762519+0.08284869486663554j),(-0.09076162185522352-0.08336745238631454j),(-0.09404081866712943+0.10463908099983105j),(0.48913743274602844+0.07864063775895802j)
519.0000000000001,(0.49024708836285863+0.07253825525656427j),(-0.09575801324001874-0.08062589507840695j),(-0.09079600148436541+0.10980625720787196j),(0.48932412707164036+0.06845633030846951j)
520.0000000000001,(0.49036750607212826+0.06240042911510365j),(-0.10067567139919749-0.0775435533911086j),(-0.08723689132944205+0.11487325475027788j),(0.4893319545482306+0.05844578541558911j)
521.0,(0.4903222071165357+0.05245578911080707j),(-0.10547946073476741-0.07413150851452657j),(-0.08338432480744842+0.1198066151640241j),(0.4891912287323282+0.0486255101212252j)
521.9999999999999,(0.4901523871630604+0.042707364038672965j),(-0.11015089280837148-0.07040269308004424j),(-0.07925959185908515+0.12460238774726012j),(0.48893725474331173+0.03898593188053322j)
523.0,(0.4898902479311249+0.0331323369942413j),(-0.11467383133010903-0.06635847438145098j),(-0.07485655435510061+0.12926392463117856j),(0.4885838280282139+0.029506620080822707j)
524.0,(0.48954163294933156+0.02370553357983584j),(-0.11902108980939984-0.06199924401151182j),(-0.07015501942312914+0.13376936764549624j),(0.4881319260556754+0.020183680657303936j)
525.0,(0.4891019006960563+0.014423403384038132j),(-0.12316291990641763-0.0573379391824706j),(-0.06515493378176913+0.13807498575084873j),(0.48759717392065993+0.011026944983174854j)
525.9999999999998,(0.4885827617497363+0.005297543777529758j),(-0.1270816171038514-0.052393153578523616j),(-0.059883069580715195+0.14214758262909055j),(0.48701287321965386+0.002032863216185045j)
527.0,(0.488015095845334-0.0036711170034245087j),(-0.13076684039676373-0.0471725354808956j),(-0.054365570195693054+0.1459796064391436j),(0.48640422861747457-0.006824863189595794j)
528.0,(0.48742746342865395-0.012502742948306604j),(-0.13419671953945161-0.0416737470056651j),(-0.048607051574656945+0.14956853945945733j),(0.4857725236450432-0.015572663723157847j)
528.9999999999999,(0.48683105617654665-0.021223482658762154j),(-0.13733308018559925-0.03590466547929064j),(-0.04260382275924257+0.1528927890540003j),(0.4851125733549021-0.024215668440666843j)
529.9999999999999,(0.48622835810653975-0.02984914073992176j),(-0.14014029189663968-0.02989528342698411j),(-0.03636914014022574+0.1559176086136785j),(0.4844382100989012-0.03274838872012373j)
530.9999999999999,(0.48562856319984443-0.038389044188034446j),(-0.14260372976621624-0.023683756429547634j),(-0.029934221957824893+0.1586196582238581j),(0.48377962622953735-0.041182258384938414j)
532.0,(0.48504667908627674-0.04686022596644075j),(-0.14472343337576965-0.017294049123510888j),(-0.02332603879571859+0.16099411261194368j),(0.48315650168486013-0.04955175650239997j)
533.0,(0.484489945712769-0.05528883557245463j),(-0.14649142024739442-0.010733819446095666j),(-0.016555304596562403+0.16303587544672915j),(0.4825636614183832-0.05789152920431629j)
534.0,(0.48395376038799615-0.06369690472796374j),(-0.14788188392151955-0.004014166049806797j),(-0.009631273897606235+0.16472358956046335j),(0.4819871978843578-0.0662161361226121j)
535.0,(0.483434122084065-0.07209509583889986j),(-0.14886536721098645+0.0028347721995197056j),(-0.0025811278985109765+0.1660296351606974j),(0.4814274891197665-0.07452831481538713j)
535.9999999999999,(0.48293843277785176-0.08049350691980159j),(-0.14942723045929301+0.009770744701910195j),(0.004553920342091233+0.16694181672428038j),(0.4808984869972456-0.08284207974879051j)
537.0,(0.48247774617015327-0.08891622477440311j),(-0.1495678970077189+0.016757271907708232j),(0.011740474781874954+0.1674665125806151j),(0.4804065302927938-0.09118880427742868j)
538.0,(0.4820491751066781-0.09739875879681632j),(-0.14928810961308472+0.023769146235604277j),(0.018962900145124834+0.16760920875377666j),(0.4799384873247189-0.09959975536903069j)
538.9999999999999,(0.4816314298807482-0.10596986467777916j),(-0.1485806027560083+0.030781486692778984j),(0.026208324071016725+0.16735897506748626j),(0.4794739914094143-0.10809014979947293j)
540.0000000000001,(0.4811999884000069-0.11464007902927656j),(-0.14743782378827608+0.03776004637480329j),(0.0334471725447642+0.16669739679949014j),(0.47900338068377213-0.11666559711577293j)
541.0,(0.4807433762259204-0.1234109594982242j),(-0.14586253671492266+0.04466618092435601j),(0.040634761251450005+0.16561974689898937j),(0.47852680415427623-0.1253404058757102j)
542.0,(0.4802610433795514-0.13229307033479845j),(-0.1438655916069459+0.05146807855019234j),(0.0477311440528182+0.1641410354707524j),(0.4780366773575903-0.13414208383223422j)
542.9999999999999,(0.4797466001792837-0.14131076554061078j),(-0.14145441605208714+0.05814133277584413j),(0.054713404563979495+0.1622804265219218j),(0.47750774751048497-0.14309608122895612j)
544.0,(0.4791773160486462-0.150489252352127j),(-0.13862933368062866+0.06465738984827718j),(0.061565921206466506+0.16004522550333286j),(0.4769079409846577-0.15221121086353195j)
545.0,(0.4785212397822185-0.1598407481632914j),(-0.13539442335131127+0.07097587698909337j),(0.06826292175156048+0.1574345529090948j),(0.4762154745779964-0.16148449900213407j)
545.9999999999999,(0.47775117618709123-0.16936544526923042j),(-0.13176975010432+0.07705265320691564j),(0.0747662262596295+0.1544565168448126j),(0.47542018683776915-0.1709183541441734j)
547.0,(0.47684825174350143-0.1790631684272931j),(-0.12778893039781825+0.08285524490374829j),(0.08104027585212731+0.15113619070198342j),(0.4745081519817097-0.1805274424878466j)
548.0,(0.4757930907185625-0.1889393353254834j),(-0.12348386238276676+0.08836742859245017j),(0.08706471407448274+0.14750486188794854j),(0.47344992558408944-0.1903266254402381j)
549.0,(0.47455842703486906-0.19899835590655826j),(-0.11887421982297378+0.09357761390661606j),(0.09282923410477237+0.14358509766346544j),(0.4722074281766837-0.20031547713506634j)
549.9999999999999,(0.4731135507972315-0.2092347485974382j),(-0.11397346614126536+0.09846496344908484j),(0.09831857852145137+0.13939039106084222j),(0.4707507137935818-0.21047852334364717j)
551.0,(0.47143442275757597-0.21963466164161782j),(-0.10880350099242933+0.10299926453986863j),(0.10350735860403634+0.13493875219780957j),(0.4690641700363152-0.2208001777872478j)
552.0,(0.469505677084635-0.2301861415627597j),(-0.10340068083168899+0.1071538270241459j),(0.10837100536275271+0.13026224326678476j),(0.4671356458014564-0.23127559086424507j)
552.9999999999999,(0.4673114038400693-0.24088462457156193j),(-0.09780717690942518+0.11091601660164216j),(0.11289881092479674+0.12540034650692952j),(0.4649429855117345-0.2419047108342202j)
554.0,(0.4648263686447347-0.2517258592980204j),(-0.0920587341045366+0.11428432919107931j),(0.11709303329342904+0.1203854855970882j),(0.4624546615665367-0.25267785180373914j)
555.0,(0.4620194220913131-0.2626942863802702j),(-0.08618252905635207+0.11725743083277351j),(0.12095569281962584+0.11523822695318969j),(0.4596432674325339-0.26357075878343234j)
556.0,(0.4588662599975552-0.27376102250856443j),(-0.08020541296662473+0.11982895406147033j),(0.12447945847150996+0.10997721824587538j),(0.4564953495921245-0.2745547750275175j)
556.9999999999999,(0.4553573333214076-0.2848946184134994j),(-0.07416067057651053+0.12199317016780861j),(0.1276533496140665+0.10463102608439942j),(0.4530063689563524-0.28560949242448375j)
558.0,(0.45149209901108683-0.2960730166268519j),(-0.06808468695026168+0.12375289015765582j),(0.13047582026912388+0.09923735495305903j),(0.44916777504219235-0.2967231268045938j)
559.0,(0.447266250570754-0.3072839469135884j),(-0.06200826502710649+0.12511892784176662j),(0.13295935622633404+0.09383070826099321j),(0.4449619759791318-0.30788119368935374j)
559.9999999999999,(0.442665989768086-0.3185142272765474j),(-0.055953937765276976+0.12610168308559053j),(0.1351213441447231+0.08843308968341093j),(0.4403707592173729-0.3190577245492044j)
561.0,(0.43767483453059697-0.32974042488450417j),(-0.04994288719200185+0.12670548201306364j),(0.13697216216960328+0.08305817272481639j),(0.4353866721114612-0.3302194728163239j)
562.0,(0.43228448832647093-0.3409307953458725j),(-0.044002985626332314+0.12693307088119454j),(0.13851412449297762+0.07772335209976564j),(0.4300139879871575-0.3413378851769154j)
563.0,(0.426497789698713-0.35205528754018867j),(-0.038167710240142844+0.12679534103589193j),(0.13975179844115435+0.07245533791612029j),(0.42425861298001855-0.3523949170525206j)
564.0,(0.42032166930698545-0.3630920710146799j),(-0.03246621071385794+0.12631477225529184j),(0.1407012075562686+0.06728302296089497j),(0.4181190107903392-0.36337657981786653j)
565.0,(0.41375917836016535-0.37402425320840715j),(-0.026915179097967035+0.12551789240666072j),(0.14138727200682671+0.06222609184645306j),(0.4115884053549241-0.37426246100110416j)
565.9999999999999,(0.40680955512627787-0.3848321317269623j),(-0.021521465804526657+0.12442429425907847j),(0.1418325511025131+0.057292256810992426j),(0.4046651180437863-0.3850236405467937j)
566.9999999999999,(0.39947511750639125-0.3954908273169858j),(-0.01629273067381347+0.12304354689258265j),(0.14204988554245268+0.0524857993203506j),(0.3973587479015995-0.39563130300580285j)
568.0000000000001,(0.3917658363664865-0.40597600093797664j),(-0.011244953103796002+0.12138272201006078j),(0.1420465734664906+0.0478175149718712j),(0.38968506294498745-0.40606611124479214j)
569.0,(0.3836956116110319-0.4162705265411201j),(-0.006399420536380471+0.1194560600643742j),(0.1418346614324788+0.04330522522646329j),(0.38165539555342903-0.4163178559457577j)
569.9999999999999,(0.37527430068416895-0.42636385111061653j),(-0.0017731847060946937+0.11728665038441619j),(0.14143562805416485+0.038964987643279075j),(0.3732722668210385-0.4263760290193305j)
570.9999999999999,(0.3665047081777741-0.4362442786917571j),(0.0026266068334465376+0.11489905288636623j),(0.140874603685858+0.03480324810033856j),(0.364535723185296-0.4362219200467482j)
572.0,(0.35738830701414087-0.44589265013316154j),(0.006799038683677122+0.11231123968741016j),(0.14017095976975855+0.030818513151672368j),(0.35545303952272705-0.4458307838588768j)
573.0,(0.347933719950586-0.45528461205968906j),(0.010741162216451855+0.1095341210795537j),(0.13933564499127607+0.027010270539855982j),(0.346041086616078-0.45518141169975235j)
573.9999999999999,(0.3381587807342287-0.4643994208671846j),(0.014444192727297064+0.10657815938180655j),(0.13837775626486237+0.023385156326894127j),(0.3363189458669496-0.4642625950475993j)
575.0,(0.32808371385963697-0.4732261820239627j),(0.017897587471348043+0.10345913251896761j),(0.13731271928843677+0.01995387039583628j),(0.3262988235904013-0.4730696855673584j)
576.0,(0.3177222531747917-0.48176106910078587j),(0.02109562704676489+0.10019675976750965j),(0.13616308903377045+0.016722642336078772j),(0.31598477444407463-0.48159516192721163j)
576.9999999999999,(0.3070795438898736-0.4899983712931535j),(0.024038776117164165+0.09680819410557762j),(0.13495132022936107+0.013688759178792143j),(0.3053801716610035-0.48982317618971694j)
578.0,(0.2961585962816609-0.49792432364856065j),(0.0267282807234644+0.09330399832722147j),(0.13369251359298367+0.010844961849509394j),(0.29449578568887164-0.4977334275365577j)
579.0,(0.2849685110236581-0.5055194853438165j),(0.029160055810496396+0.08969127922276932j),(0.13239494429115178+0.008187897152358847j),(0.28335017558310843-0.5053098430206115j)
580.0,(0.27352639483542196-0.5127666671846j),(0.03132471076712846+0.08598068947989952j),(0.13106774958324705+0.005721619859096902j),(0.27196245058188095-0.5125449182587222j)
580.9999999999999,(0.26185168809784026-0.5196562066490367j),(0.033213924732995066+0.08218970053811131j),(0.12972765414036047+0.003452510112912359j),(0.2603452141068628-0.5194355738851117j)
582.0,(0.24995918186257413-0.5261836967922802j),(0.03482653160012858+0.07833838267954712j),(0.12839776533287875+0.0013809402566642495j),(0.24850479612570556-0.5259752688343586j)
583.0,(0.2378577235238319-0.5323431675590439j),(0.03616779405554265+0.07444173501386792j),(0.1270997318311893-0.0005017552829735747j),(0.2364480033902207-0.5321505869416049j)
583.9999999999999,(0.225555300159852-0.5381229714283116j),(0.037242198874870375+0.0705062546911526j),(0.12584723821930216-0.0022080083731143285j),(0.2241880384621077-0.5379454157267065j)
585.0,(0.21306469191240532-0.5435082603980952j),(0.03804659698335295+0.06653428671370527j),(0.12464726341370996-0.0037458044259082862j),(0.2117435373597709-0.5433478822097011j)
586.0,(0.20040374361241375-0.5484868864407444j),(0.0385701478574849+0.0625320850988308j),(0.12350768521310466-0.005115605405889637j),(0.19913205881144447-0.5483526207604732j)
587.0,(0.18759024172229008-0.5530521681605578j),(0.0388008686266933+0.058514055376971096j),(0.12244371585494429-0.0063151692099721254j),(0.18636502806357327-0.5529560374090432j)
587.9999999999999,(0.17463705717179473-0.557199462967241j),(0.03873235257411396+0.054499555108431505j),(0.12147716194856677-0.007347309882681053j),(0.1734494709091487-0.5571494895645124j)
588.9999999999999,(0.1615528965726377-0.5609200100398984j),(0.038364397753794965+0.050505808902141j),(0.12062970389298297-0.008223146879932353j),(0.1603948713621222-0.5609173463852338j)
590.0000000000001,(0.14834823568005717-0.5641983712391053j),(0.03769736914894126+0.046543918138939024j),(0.11991698832254727-0.008958189100013371j),(0.14721834345411478-0.5642419006662366j)
590.9999999999999,(0.13504072767244296-0.5670162304804719j),(0.03672598296880866+0.04262158591572486j),(0.11934906173966245-0.00956560534178498j),(0.13394304570152027-0.5671102611727407j)
592.0,(0.12165481968769329-0.5693590039473552j),(0.03543831536160953+0.038749650696756094j),(0.11893622673568711-0.010053398669092082j),(0.12059145497555457-0.5695164315179301j)
593.0,(0.10821593191795018-0.5712189097440263j),(0.03382048289119174+0.03494621043181524j),(0.1186942883985733-0.010427994224150652j),(0.10718011226232235-0.5714564841883925j)
594.0,(0.0947448126571469-0.5725914977234486j),(0.03186205946416682+0.031234934617261997j),(0.11864416461144348-0.010700437797099602j),(0.09372102659924073-0.5729213428114893j)
595.0,(0.08125756384654681-0.5734688195589662j),(0.029556990010419656+0.02764002686545876j),(0.11880659217651364-0.010889152947816352j),(0.08022865486349484-0.5738938754555284j)
596.0,(0.06777158071409647-0.5738355355171135j),(0.02689950994946004+0.02418344985286268j),(0.11919737303853704-0.011016916684540176j),(0.0667263186410536-0.5743529071615755j)
597.0,(0.05431230522264079-0.5736715057217364j),(0.023879579191739594+0.02088760943410229j),(0.11982782230044418-0.011105507481036787j),(0.0532466953295098-0.5742804528732205j)
597.9999999999999,(0.04091517100138074-0.5729585468221567j),(0.020482818328730293+0.01778128177768313j),(0.12070981170094232-0.01117372030545472j),(0.03982662047713138-0.5736658425970242j)
599.0,(0.027621679748200793-0.5716855319123713j),(0.016695622874508417+0.014903419460525678j),(0.12186024295972679-0.011241139938858367j),(0.026501500532638212-0.5725036419231826j)
600.0,(0.01447381392977792-0.5698479255902056j),(0.01251127064235251+0.012301487696221098j),(0.12330022396491282-0.01133452593482755j),(0.013304619699881632-0.5707880867718687j)
600.9999999999999,(0.0015121761360599277-0.5674431622906384j),(0.007932011972273417+0.010026117711763824j),(0.12504910241338263-0.011491146815451556j),(0.0002718759147032797-0.5685097558839913j)
601.9999999999999,(-0.01122048469548138-0.5644670291835008j),(0.0029660172418596725+0.00812725534690728j),(0.1271181901678361-0.011756163114985951j),(-0.012552422910836757-0.565657901008672j)
603.0,(-0.02367372245636863-0.5609151336085919j),(-0.0023770310372676906+0.006655529065756758j),(0.12950919842624817-0.012176531296845625j),(-0.025113736381783158-0.5622266836170472j)
604.0,(-0.03578693290736484-0.5567888687884396j),(-0.008086476554262687+0.005667673593962839j),(0.13221804197335613-0.012796943035470996j),(-0.03735062071491299-0.558220364374654j)
604.9999999999999,(-0.04749221021491118-0.5521014162157521j),(-0.014145400033888159+0.005230982890413733j),(0.13523978880025722-0.013661359456618111j),(-0.049199800062711824-0.5536539900422043j)
606.0,(-0.058720073332281866-0.546879651916778j),(-0.020522514631986073+0.005422322525867714j),(0.13856946337099607-0.0148186174769902j),(-0.06059844641865278-0.5485506528564312j)
607.0,(-0.06940343819696836-0.5411618295339228j),(-0.0271665446691393+0.006321577745518097j),(0.1421969651550002-0.01632690817078773j),(-0.0714823002073303-0.542939667756135j)
607.9999999999999,(-0.07947737550773035-0.5349948158419284j),(-0.03400613551377809+0.008003639662619286j),(0.1460993033849464-0.01825275571541217j),(-0.08178264924080972-0.5368590928382664j)
609.0000000000001,(-0.08887659262271685-0.5284349328279673j),(-0.040953723218029245+0.010533517590691838j),(0.15023542415952307-0.020664530335267346j),(-0.09142676915406883-0.530361864085059j)
610.0,(-0.09753520391383419-0.5215529391584941j),(-0.04790891381692065+0.013965702335000045j),(0.15454656014718404-0.02362459472044586j),(-0.10034384570916732-0.5235212195770098j)
611.0,(-0.10539188740114334-0.5144395350218512j),(-0.054758189534855756+0.01834470155350328j),(0.15896055513088359-0.0271845435423765j),(-0.10847400248435728-0.5164312111402899j)
612.0,(-0.11239927553604617-0.5072066206052552j),(-0.061371898148292546+0.023702420827933723j),(0.16339593449589448-0.03138465407376256j),(-0.11577569548805694-0.5092017458670786j)
613.0,(-0.11853304987987462-0.49998231787341624j),(-0.06760281227554342+0.030050778859984167j),(0.16776273384220464-0.036254761429888066j),(-0.12222835602820054-0.5019515367064532j)
614.0,(-0.12379648551921262-0.49290205083955546j),(-0.073290223097316+0.03737222039869903j),(0.17196090706108696-0.04181270566375722j),(-0.12783122392846807-0.4948032167092035j)
614.9999999999999,(-0.1282197193124026-0.48610018751509837j),(-0.07826990056718888+0.045613012577399706j),(0.17588005516378089-0.0480590391478868j),(-0.13260225329442926-0.4878820713351059j)
615.9999999999998,(-0.13185670304266844-0.4797052036424832j),(-0.08238638314326421+0.05468263708724533j),(0.17940373904316662-0.05497048566714627j),(-0.1365803103730034-0.48131589533987124j)
617.0,(-0.13478358513249306-0.4738375748349789j),(-0.08550305488044461+0.06445869164248605j),(0.1824182571334092-0.06249640670543902j),(-0.1398302546612749-0.47523180286772837j)
618.0,(-0.1370996628939397-0.4686069509277969j),(-0.08750789078718711+0.07479376643800224j),(0.18482239460543082-0.07056081814402594j),(-0.1424470014156045-0.46974783975067746j)
618.9999999999999,(-0.13892844246410052-0.46410585773112767j),(-0.0883163205498223+0.08552103596469154j),(0.1865340565141147-0.07906883152069669j),(-0.1445542201567615-0.4649613090825707j)
620.0,(-0.14041487961218763-0.4604005689039383j),(-0.08787430355172356+0.09645825439097976j),(0.1874922292586294-0.08791382584514205j),(-0.14629629663862637-0.4609385604618087j)
621.0,(-0.1417168359168792-0.4575230139582137j),(-0.08616315041581922+0.10741270715462609j),(0.1876561393063591-0.09698218415856585j),(-0.1478262207948259-0.4577104306905896j)
621.9999999999999,(-0.14299261361135046-0.45546795215159214j),(-0.08320436288602812+0.11818988416798089j),(0.187004951214027-0.10615540694763483j),(-0.14929409602253396-0.4552741313476318j)
623.0,(-0.14438909137640238-0.45419682190779553j),(-0.07906071035125117+0.1286059455939654j),(0.1855397710100018-0.11531221699515723j),(-0.1508396661676628-0.45359885894332574j)
624.0,(-0.14603444109536867-0.45364587757330127j),(-0.07383080453662913+0.13850065020769686j),(0.18328655860151336-0.12433352838978146j),(-0.15258894084932684-0.4526313337990992j)
625.0,(-0.14803620032435788-0.45373433438080335j),(-0.06763791229303953+0.14774611238686278j),(0.18029653119136393-0.13311066936638402j),(-0.15465239655027585-0.4522993157081945j)
625.9999999999999,(-0.15048216996897534-0.4543695284620568j),(-0.060617032415582126+0.1562486831020676j),(0.17664150035024817-0.14155408120322469j),(-0.157122240181931-0.45251406122535154j)
627.0,(-0.1534406848620875-0.4554493134935275j),(-0.05290488496347757+0.16394501783445584j),(0.1724047195658061-0.14959845628911492j),(-0.16006849469357876-0.4531741775219385j)
628.0,(-0.15695874507998062-0.4568644054991538j),(-0.04463502575627134+0.1707962284812962j),(0.16767081658709335-0.1572019890779602j),(-0.16353605963741832-0.4541722560510239j)
628.9999999999999,(-0.16105951473282581-0.4585032373700705j),(-0.03593671565211409+0.17678394411303638j),(0.16251896686136824-0.16434084128392012j),(-0.1675453118378376-0.455403076629998j)
629.9999999999999,(-0.1657422616979729-0.4602593691147579j),(-0.026934108727932546+0.18190941543048386j),(0.1570212288479283-0.17100253981421112j),(-0.17209686553784775-0.456770314544719j)
631.0,(-0.170986659758565-0.4620387584878471j),(-0.017743145041844294+0.18619370577253494j),(0.151244613140446-0.17718199362864315j),(-0.1771783799089535-0.45818916552340433j)
631.9999999999999,(-0.17676043410474718-0.4637634847262104j),(-0.008466359010236277+0.18967588370178018j),(0.1452534310538282-0.1828813248307763j),(-0.18276998489803642-0.45958482191278155j)
632.9999999999999,(-0.1830269251779428-0.4653704500002334j),(0.0008116947206163183+0.1924076942493943j),(0.13910908771848562-0.18811172530582565j),(-0.18884606691641723-0.4608893642844057j)
633.9999999999999,(-0.18974915382451893-0.466806710529369j),(0.010025484436348514+0.1944460705413686j),(0.1328670566351656-0.19289425350485095j),(-0.19537394664031912-0.46204036846446667j)
635.0,(-0.1968894054636656-0.468025067141623j),(0.01912527071326936+0.19584674208069022j),(0.12657323629165915-0.19725765530209013j),(-0.20231229197899506-0.4629828233477831j)
635.9999999999999,(-0.20440640200277724-0.46898292886624215j),(0.02807168730035571+0.1966616374049007j),(0.12026243027593449-0.20123383447514923j),(-0.2096122268298143-0.4636731084824248j)
637.0,(-0.2122535709811762-0.4696447609332508j),(0.036831535042064496+0.1969402189111071j),(0.11396006131762998-0.20485348906549009j),(-0.21722196747489864-0.46408191775750685j)
637.9999999999999,(-0.2203807690125235-0.4699856611138064j),(0.045377027443058555+0.1967322756632011j),(0.10768581586081749-0.20814427970844293j),(-0.22509304418687595-0.46419349393178694j)
638.9999999999999,(-0.228739007204656-0.46999277375284293j),(0.053687996418167+0.19608897153927213j),(0.10145660484916237-0.21113193725329676j),(-0.2331847785851095-0.46400097793869893j)
640.0,(-0.23728535881821564-0.46966287153988007j),(0.061754317726107275+0.1950605884145614j),(0.09528696683532571-0.21384253105780363j),(-0.24146466564941219-0.46350029361480893j)
641.0,(-0.2459849988722375-0.4689972410251529j),(0.06957568499517075+0.19369214713192273j),(0.08918718747565693-0.21630338411936684j),(-0.24990491506490672-0.4626859279377457j)
641.9999999999999,(-0.2548093192354859-0.4679969283804588j),(0.07715789228103312+0.19201989292809576j),(0.08316128472885131-0.21854135687844953j),(-0.25847778147196443-0.46155062309050754j)
642.9999999999999,(-0.2637317685045897-0.4666610859399834j),(0.08450744756913975+0.19007119409419174j),(0.07720718558827494-0.22057945140982002j),(-0.26715283883703034-0.46008838154837445j)
643.9999999999999,(-0.2727245222062275-0.4649889106232085j),(0.09162768472748826+0.18786807391855692j),(0.07131977214458839-0.22243421154003745j),(-0.27589777061672965-0.45829813918649004j)
645.0,(-0.28175830155379644-0.46298315214669794j),(0.09851861180635849+0.18543207753817176j),(0.06549523281890449-0.22411605808292662j),(-0.2846817580695914-0.456185328859108j)
645.9999999999999,(-0.29080526605428647-0.46065218550846615j),(0.10518021433714723+0.18278726594739747j),(0.059733977887314285-0.22563272253691968j),(-0.29347890093218354-0.45376028736333446j)
647.0,(-0.2998426582053751-0.45800883254787184j),(0.11161661640487647+0.17995945134226332j),(0.05404014943402832-0.22699373714038962j),(-0.3022693490030854-0.4510347299568257j)
648.0,(-0.30885436414519174-0.45506656786342936j),(0.11783799893410515+0.17697238699819612j),(0.048417964411358615-0.22821307761942694j),(-0.3110376371209562-0.4480187301369851j)
649.0,(-0.31782908705477864-0.4518356843545299j),(0.12385879495800407+0.1738436844333465j),(0.04286725498155956-0.22930816385355754j),(-0.31976971743600346-0.44472004473325544j)
649.9999999999998,(-0.3267562787870407-0.44832206408704445j),(0.12969326632887382+0.17058335529535282j),(0.03738115617514262-0.23029576430820012j),(-0.32845095620681575-0.441145772308815j)
651.0,(-0.3356225983918909-0.4445293855099457j),(0.13535133146370046+0.16719603420662968j),(0.03194754153732218-0.23118735281198297j),(-0.3370664428467154-0.43730462429695716j)
652.0,(-0.3444113382608514-0.44046319440462256j),(0.14083728963410064+0.16368543776395883j),(0.02655342990268865-0.2319868128354335j),(-0.3456031004368933-0.4332077399854791j)
652.9999999999999,(-0.35310522645982245-0.4361339497022998j),(0.14615208937561586+0.16005816217891886j),(0.02118974590105681-0.23269188169222751j),(-0.35405167221184164-0.4288671845027058j)
654.0,(-0.3616906899175672-0.4315568251292363j),(0.1512974197435421+0.15632445981647142j),(0.015853678766977616-0.23329839548102227j),(-0.3624067052995125-0.42429311741057485j)
655.0000000000001,(-0.37016063464803073-0.42674823401948764j),(0.15627876569071789+0.1524957351880811j),(0.010547467144821326-0.23380475151739324j),(-0.3706641169688437-0.419491760292976j)
656.0,(-0.378513752420431-0.4217212613734458j),(0.16110538394815854+0.14858070444784713j),(0.0052746545605888845-0.23421405214213184j),(-0.37881776457174826-0.41446589456987426j)
657.0,(-0.38675064648815927-0.416482952119285j),(0.16578731530041768+0.14458299096832464j),(3.6277669007656055e-05-0.23453300083225484j),(-0.38685734586291043-0.409217936309786j)
658.0,(-0.3948691588168133-0.4110352242374661j),(0.17033156864453675+0.14050187004029213j),(-0.005170769819220877-0.2347686706742914j),(-0.3947692684899484-0.4037538066071221j)
658.9999999999999,(-0.40286180954817025-0.4053788456697196j),(0.1747401458564664+0.13633568649192512j),(-0.010352549148494927-0.23492542984162096j),(-0.40254026550580696-0.3980850957212396j)
659.9999999999998,(-0.4107169045867681-0.3995179648356818j),(0.17901130163497625+0.13208563666428136j),(-0.015515263000845991-0.23500391892543587j),(-0.4101617099458081-0.39222792724235567j)
660.9999999999999,(-0.4184225344769479-0.3934623661543306j),(0.18314323046716838+0.12775734446815745j),(-0.020662907583669704-0.23500240705459652j),(-0.41763199436204024-0.3861989161271253j)
662.0,(-0.4259708898962333-0.3872261053269404j),(0.18713771682620192+0.12335912324934856j),(-0.02579691368188522-0.2349192209801944j),(-0.4249553952533954-0.380010429536022j)
662.9999999999999,(-0.43336018777496454-0.38082347886545526j),(0.1910012631252025+0.11889802115161202j),(-0.030917751978987273-0.23475432761030196j),(-0.43213789724610385-0.3736678584278906j)
664.0,(-0.44059307764415195-0.3742649209054592j),(0.19474282945103322+0.11437624774965413j),(-0.03602704785835992-0.23450890645373254j),(-0.4391822435899115-0.3671704780493717j)
665.0,(-0.44767263848122246-0.3675553816681772j),(0.19836952376748745+0.10979039931737816j),(-0.04112840658606526-0.2341832988888285j),(-0.4460849226715174-0.36051541374350843j)
666.0000000000001,(-0.45459855150237216-0.3606960987386433j),(0.20188295042877252+0.10513415469852003j),(-0.04622610005351489-0.23377498107859376j),(-0.452836654058553-0.3537024853096532j)
666.9999999999999,(-0.46136583810367227-0.35368850495994375j),(0.2052785835597267+0.10040291503399326j),(-0.051322349407959295-0.23327831022838283j),(-0.4594259266496298-0.3467373003974822j)
668.0,(-0.46796685481046624-0.34653770292024555j),(0.2085486934841763+0.09559759672332929j),(-0.056415075930569464-0.23268665346688472j),(-0.4658434803387093-0.3396310874510058j)
669.0000000000001,(-0.4743951450738333-0.33925327966351493j),(0.2116871676372302+0.09072524819122446j),(-0.06149789978353834-0.23199586274786893j),(-0.4720852629790677-0.3323976706564068j)
669.9999999999999,(-0.4806485855163034-0.33184698224037j),(0.21469338578722144+0.0857960591924013j),(-0.06656285475409293-0.23120698607261042j),(-0.4781524674274076-0.3250495315126616j)
671.0,(-0.4867297445592749-0.32432880047795687j),(0.21757285280020502+0.08081849760929356j),(-0.07160455696278775-0.23032633319705886j),(-0.4840490344765113-0.31759519910267175j)
672.0,(-0.4926431692956882-0.31670403237758676j),(0.22033421850543125+0.0757954256698648j),(-0.07662350063988463-0.22936246038100677j),(-0.48977839766430253-0.31003918250744505j)
673.0,(-0.4983912940473804-0.30897330464319045j),(0.22298444892949937+0.07072345306766038j),(-0.08162644813211023-0.22832145916633462j),(-0.49534145175666483-0.30238401850235336j)
673.9999999999999,(-0.5039715868470086-0.30113566867951524j),(0.22552497629240403+0.06559585716926272j),(-0.0866234105965053-0.22720303771597697j),(-0.5007367183871921-0.29463278999982645j)
674.9999999999998,(-0.5093768445192934-0.2931929392568672j),(0.22795103173595682+0.0604073088181081j),(-0.09162261280311301-0.22599959147854512j),(-0.5059621677908861-0.2867903876069078j)
675.9999999999999,(-0.5145986395270048-0.285152592228391j),(0.23025445603064973+0.055157628426536154j),(-0.0966260064137158-0.22469891019418103j),(-0.5110171111026947-0.2788628136420948j)
676.9999999999998,(-0.519631967987451-0.27702731885340215j),(0.23242824365206663+0.049852437412099604j),(-0.10162766454503927-0.22328922808382395j),(-0.5159026398438362-0.27085525496730256j)
677.9999999999999,(-0.5244783309385285-0.2688312924276724j),(0.23447011018350344+0.04450045070576203j),(-0.10661588427468444-0.22176408044661622j),(-0.5206201790562502-0.26277054575213316j)
678.9999999999999,(-0.52914530404968-0.2605751788966735j),(0.23638302704787398+0.039109141641107056j),(-0.11157788836722024-0.22012456314874868j),(-0.525169115511876-0.254609429243141j)
680.0,(-0.533642647157338-0.2522627454220614j),(0.23817252153757834+0.033681428905724564j),(-0.11650471998810147-0.21837799908872785j),(-0.5295452552915462-0.2463728370363665j)
680.9999999999999,(-0.5379770173349252-0.24389109348385887j),(0.23984247821853294+0.028215365243949644j),(-0.12139394710326007-0.21653389274950097j),(-0.533741522938072-0.2380649786545975j)
682.0,(-0.5421482101580986-0.23545452923670512j),(0.24139205529799362+0.02270696946983436j),(-0.12624906688213317-0.21459936723565182j),(-0.5377510028624473-0.22969527612286084j)
683.0,(-0.5461490597727159-0.22695003072759315j),(0.2428156406072197+0.017154435269546117j),(-0.13107627176090073-0.21257635012483606j),(-0.5415709098350536-0.22127760408433436j)
683.9999999999999,(-0.5499691225363197-0.2183813470522625j),(0.24410593264288377+0.011561098543202725j),(-0.13588052016544394-0.21046164306961054j),(-0.5452052755477383-0.21282672238199887j)
685.0000000000001,(-0.5536001802981229-0.20975949242085928j),(0.2452583267950904+0.00593525112736458j),(-0.14066298321952064-0.2082493733959776j),(-0.5486645791012698-0.20435342911850934j)
686.0,(-0.55704059738882-0.2010993690970243j),(0.24627393461502828+0.00028674661004997326j),(-0.14542092804354007-0.20593412059978605j),(-0.5519620545963111-0.19586087615166436j)
687.0,(-0.5602962032793155-0.19241436535091247j),(0.2471592755382649-0.005377719822793697j),(-0.15014959722473165-0.20351287697274664j),(-0.5551081877713828-0.18734411433637513j)
687.9999999999999,(-0.563377286283244-0.18371185715885474j),(0.2479225689228476-0.011057885357170727j),(-0.15484454085666235-0.2009849389411462j),(-0.5581059955247831-0.17879341407582972j)
689.0,(-0.5662934051783399-0.17499200696079803j),(0.24856855581453577-0.016759667363413472j),(-0.159502767305461-0.1983502221401063j),(-0.5609494531137111-0.17020001332645063j)
690.0,(-0.5690488844819739-0.16625041082789396j),(0.24909475326867503-0.02249122439192304j),(-0.16412200493315987-0.19560749777729014j),(-0.5636259746465471-0.16156167189848372j)
690.9999999999999,(-0.5716414277681936-0.15748302461302233j),(0.2494914096762782-0.02825726483011859j),(-0.16869871869565606-0.19275406460040934j),(-0.566121898254025-0.15288543269960475j)
691.9999999999999,(-0.5740645152021296-0.14869057039568756j),(0.24974549465798607-0.03405464161574641j),(-0.17322647053500845-0.1897873955489398j),(-0.5684284756202646-0.14418630720592673j)
693.0,(-0.5763121316949563-0.13987995704785625j),(0.2498468528490531-0.039871743746404065j),(-0.17769615860238347-0.1867079140698411j),(-0.5705456498731262-0.13548254341777685j)
693.9999999999999,(-0.5783830725058573-0.1310619518525668j),(0.24979337454537118-0.04569227652621673j),(-0.18209860592645297-0.1835210974009719j),(-0.5724820167920545-0.12678971741743944j)
694.9999999999999,(-0.5802823118496185-0.12224647166747413j),(0.2495924038221788-0.051501710840375706j),(-0.18642847619288622-0.18023718511356224j),(-0.5742512148533265-0.11811633424505888j)
696.0,(-0.5820185730214038-0.11343824454463583j),(0.2492574626480058-0.05729320350101538j),(-0.19068743057325604-0.17686792780357877j),(-0.5758666336489431-0.10946274909071765j)
697.0,(-0.5835994072956805-0.1046354516387548j),(0.2488017689539838-0.0630699486497312j),(-0.19488446511887772-0.17342146717138782j),(-0.577336958399677-0.10082351963592777j)
697.9999999999999,(-0.5850265836156462-0.09583234336422615j),(0.24823171916100262-0.06884266603415586j),(-0.19903257323443857-0.16989770331852783j),(-0.578664418990697-0.0921916685743696j)
698.9999999999999,(-0.5862945689488794-0.08702458487931185j),(0.24754359610235743-0.07462338546143936j),(-0.2031427110044236-0.16628664403781684j),(-0.5798460868635222-0.08356259275916127j)
700.0,(-0.5873932997569542-0.07821443229088978j),(0.24672517861546794-0.08041858873358887j),(-0.2072175812137348-0.16257106721969652j),(-0.5808769970440193-0.07493582931927373j)
700.9999999999999,(-0.5883141050774481-0.0694126995042205j),(0.24576146186161302-0.08622513257093267j),(-0.21124816964230791-0.15873285677112703j),(-0.5817530864897309-0.0663142599969748j)
702.0,(-0.5890557709014033-0.060635996067231364j),(0.24464160334192975-0.09203099197334966j),(-0.2152149678724231-0.15476053256859232j),(-0.5824723130283753-0.05770182254455348j)
703.0,(-0.5896273615067735-0.05190017342997094j),(0.2433635670124099-0.0978204202131831j),(-0.2190938014752154-0.1506547056403703j),(-0.5830336002186991-0.049101581850482856j)
704.0,(-0.5900458213362355-0.043213063550020116j),(0.2419340958697323-0.10358085664040528j),(-0.22286407139706527-0.14642889237851614j),(-0.5834347031956785-0.04051566746566749j)
704.9999999999999,(-0.5903289434250413-0.03457028743463695j),(0.2403640363965031-0.10930799085014259j),(-0.22651601017798456-0.14210504915141925j),(-0.5836708767082145-0.03194730147278809j)
706.0,(-0.590486756768724-0.025956701363886885j),(0.23866146106562403-0.1150063113768914j),(-0.23005384986550115-0.13770548013043207j),(-0.5837358668624124-0.023403635643248828j)
706.9999999999999,(-0.5905154911826346-0.0173534287073685j),(0.23682624091128707-0.12068480118885966j),(-0.2334934946315072-0.13324437451645943j),(-0.5836253748995762-0.01489725606943948j)
707.9999999999999,(-0.590397377571287-0.008747622159780732j),(0.23484904703384088-0.126350031620266j),(-0.23685562989110473-0.128722399364855j),(-0.5833414532287922-0.00644456141895681j)
709.0,(-0.590106948936958-0.00014049737960051861j),(0.23271547711362267-0.13200042219480446j),(-0.24015711723776995-0.12412642585730882j),(-0.5828952159388648+0.0019392709665413792j)
710.0,(-0.5896213843238831+0.008450356397604913j),(0.2304132057683945-0.13762503415089783j),(-0.24340414786713369-0.11943421822076168j),(-0.5823054637777005+0.010247021291019301j)
711.0,(-0.5889302666377187+0.016995935269511157j),(0.227938155787704-0.14320802943996347j),(-0.24658968154875266-0.11462180025352076j),(-0.5815924184243448+0.018484669104764605j)
711.9999999999999,(-0.5880400159083597+0.02546620348573434j),(0.22529572802546827-0.14873685482158724j),(-0.24969563498324154-0.1096702060988978j),(-0.5807681253663876+0.026671813004821833j)
713.0,(-0.5869704109725425+0.03384126303859328j),(0.22249527072040165-0.15420978319126732j),(-0.25269807199158634-0.10456887811977511j),(-0.5798271662173647+0.034835440522173564j)
713.9999999999999,(-0.5857441807426575+0.04211783625910563j),(0.2195393637989939-0.1596379398847243j),(-0.25557232977511646-0.09931482808761272j),(-0.5787420876013429+0.04299788057274005j)
714.9999999999998,(-0.5843740861626178+0.050307240753543876j),(0.21641262367017433-0.1650388235254227j),(-0.2582952247194529-0.09390895405585292j),(-0.5774668710742664+0.051162537553326136j)
716.0,(-0.5828536475803773+0.05842461762661546j),(0.21307607904055098-0.17042198545528117j),(-0.2608431502825595-0.08835251804537961j),(-0.5759490759578455+0.059302677088406995j)
717.0,(-0.5811567892324784+0.0664732306844577j),(0.20947189390598342-0.17577148385266622j),(-0.2631872596304191-0.08264693325592613j),(-0.5741479397910189+0.06735827472031887j)
717.9999999999999,(-0.57924835563608+0.07443044115366532j),(0.20553958137656358-0.18103224715108293j),(-0.2652889123984251-0.0767985285793226j),(-0.5720530226410697+0.07524366158162057j)
718.9999999999999,(-0.5771029427153219+0.08224218306551562j),(0.2012401652554392-0.18610731708450046j),(-0.26709918382036413-0.07082743310984657j),(-0.5696970562262321+0.08286513331346385j)
719.9999999999998,(-0.5747255869362764+0.08983013570911572j),(0.19658085129094682-0.19086988258247484j),(-0.2685650749873627-0.06477723472980336j),(-0.5671579878129531+0.09014410965177552j)
721.0,(-0.5721662108754044+0.09711119113419278j),(0.1916313131091988-0.19518902265083665j),(-0.26964247433926736-0.058720741577740154j),(-0.5645484202081503+0.09703917905797949j)
721.9999999999998,(-0.5695211351340467+0.10402396110277165j),(0.18652444937896173-0.19896293909225835j),(-0.27031288684986454-0.05275770756557205j),(-0.561994647451134+0.10356030916873082j)
722.9999999999999,(-0.5669190551652664+0.1105538387116082j),(0.18143898907642558-0.20215011277285178j),(-0.27059869683213084-0.04700273145936949j),(-0.5596108658493747+0.10977072184727935j)
724.0,(-0.5644942178635451+0.11674783132376207j),(0.17656710324185554-0.20478859011742007j),(-0.27057124028996404-0.04156492182179808j),(-0.5574757165393606+0.11577566662727423j)
724.9999999999999,(-0.5623541804511343+0.12271323453974138j),(0.17207520755255823-0.20699670922533664j),(-0.2703475638549746-0.03652410985721721j),(-0.5556175599759927+0.12170128711025101j)
725.9999999999998,(-0.5605517866176041+0.12859927032700783j),(0.1680686358115432-0.20895401184809698j),(-0.2700749824294958-0.03191018603958361j),(-0.5540121006072057+0.12766961788009576j)
727.0,(-0.5590700137357054+0.13456630416302562j),(0.16456994902260533-0.21086702827015244j),(-0.2699063372142819-0.02769181497896503j),(-0.552592174173715+0.1337765659576663j)
728.0,(-0.557824459299557+0.14075127392894318j),(0.16151663696796525-0.21292907546635603j),(-0.26997189863980264-0.02377838027885125j),(-0.5512659917361861+0.14007835308485875j)
728.9999999999998,(-0.5566827976610198+0.14723914373066965j),(0.1587782459142651-0.2152847357524849j),(-0.27035510852787886-0.02003529767262051j),(-0.5499380422850404+0.14658891741865027j)
730.0,(-0.5554954121904371+0.15404819800009206j),(0.1561874420273387-0.21800788466050733j),(-0.27107839197046546-0.01630903017536603j),(-0.5485267652436246+0.15328729564462873j)
731.0,(-0.5541282858126323+0.16113258069642927j),(0.15357595856261197-0.22109774788872044j),(-0.27210242896676906-0.01245547165392348j),(-0.5469748655319845+0.1601312141645444j)
732.0,(-0.5524890510311455+0.1684002150600112j),(0.15080578821657453-0.22449204315002486j),(-0.27333850962757933-0.008364646710128723j),(-0.545250990727179+0.16707186026109846j)
732.9999999999998,(-0.5505397542017825+0.17573987176136663j),(0.14778833248234138-0.2280915961499913j),(-0.2746701165498624-0.003976042663534893j),(-0.5433443591575995+0.174065326998746j)
734.0,(-0.5482943314580816+0.1830490356287738j),(0.14448850797237903-0.23178831468594274j),(-0.27597773376140444+0.0007182004770160955j),(-0.5412558578163088+0.18107814129262115j)
734.9999999999999,(-0.5458034602011935+0.19025485662537767j),(0.14091548977418594-0.23548863278977986j),(-0.2771606230305446+0.0056815623436897444j),(-0.5389895855104231+0.18808676879919833j)
736.0,(-0.5431328287416777+0.19732341150008625j),(0.13710532202092424-0.23912711894343913j),(-0.27815084254147254+0.010849287371990868j),(-0.5365478361538207+0.1950731146730344j)
736.9999999999999,(-0.5403420063782964+0.20425658152249737j),(0.13310205812842155-0.24266876874247537j),(-0.27891746231888115+0.016147260517187317j),(-0.5339306332729836+0.202019112154749j)
738.0,(-0.5374698757938949+0.21107964240931554j),(0.12894323105944372-0.24610218243589577j),(-0.27946181890559585+0.0215085758808215j),(-0.5311389279868761+0.20890327072909115j)
738.9999999999998,(-0.5345296769667998+0.21782498480542217j),(0.12465290194280401-0.24942819118057408j),(-0.27980685901558056+0.02688426919009003j),(-0.5281791943150105+0.21570078950087773j)
740.0,(-0.5315132560301531+0.224517674833671j),(0.12024238260632278-0.2526489634045007j),(-0.2799845883089429+0.03224693827101789j),(-0.5250668243160505+0.2223871221376841j)
740.9999999999999,(-0.5284013039641746+0.23116699981682937j),(0.11571611797235978-0.2557613314897446j),(-0.280025276338592+0.03758817437231482j),(-0.5218264413772589+0.22894339495891597j)
742.0,(-0.5251750341049829+0.23776549271624506j),(0.11107894754149392-0.25875574518890176j),(-0.27995071570788943+0.042912211947532045j),(-0.5184886339286597+0.23536135549652157j)
742.9999999999999,(-0.5218251102688405+0.2442942195572603j),(0.10634126548921852-0.2616198549860999j),(-0.27977209481395704+0.04822865097534118j),(-0.515084083393365+0.24164575852057021j)
744.0,(-0.518355324554256+0.2507312555434109j),(0.10152011248506046-0.264344114208718j),(-0.2794915418742614+0.05354658059450518j),(-0.5116370673034616+0.24781310769282983j)
744.9999999999999,(-0.514780766592245+0.2570597614746432j),(0.09663622808815783-0.2669264208591875j),(-0.27910556557074595+0.05887130841590779j),(-0.508160532343017+0.25388702636140154j)
745.9999999999999,(-0.5111221763370426+0.2632728678938516j),(0.09170877010267192-0.26937364764749017j),(-0.2786085823097046+0.06420367876987952j),(-0.504654340645889+0.2598917124902619j)
747.0,(-0.5073992064015435+0.2693742009141875j),(0.08675019072787671-0.27169945653992983j),(-0.27799531297741975+0.06954108351352556j),(-0.5011071717889729+0.265845534148175j)
747.9999999999999,(-0.5036252225586553+0.2753746445035665j),(0.0817634743601948-0.2739193885185586j),(-0.27726169784585397+0.07487896338939254j),(-0.49750134844872007+0.2717566808287888j)
749.0,(-0.49980525461888947+0.28128718858110646j),(0.07674282729073043-0.2760452554353339j),(-0.276404733477274+0.0802118464995138j),(-0.4938189715652196+0.2776220145406728j)
750.0,(-0.4959372796625926+0.28712209310159964j),(0.07167747955254153-0.2780810131080256j),(-0.27542201196103644+0.08553355179026555j),(-0.4900474696087963+0.28342918175171183j)
751.0,(-0.4920157541642335+0.2928841027705896j),(0.0665570838349202-0.28002160061204484j),(-0.2743116672615512+0.09083679211453397j),(-0.4861830215029973+0.2891610448861285j)
752.0,(-0.4880356466851757+0.298572387799311j),(0.061376688164492044-0.28185503432343345j),(-0.2730730233587442+0.09611277962186644j),(-0.48223112008580754+0.2948008923851923j)
752.9999999999998,(-0.48399531483033975+0.30418273578077865j),(0.05613954141619604-0.2835668376261753j),(-0.2717077283984409+0.1013514400421993j),(-0.4782044878951872+0.30033683970641206j)
753.9999999999999,(-0.4798972771656147+0.30971071880674694j),(0.05085688585530615-0.2851451118055901j),(-0.27022079164733037+0.10654252335677214j),(-0.47411931655666373+0.3057642879347827j)
755.0000000000001,(-0.4757469035485573+0.31515436104499217j),(0.04554501707489339-0.2865844516451579j),(-0.26862087159575626+0.11167742753686363j),(-0.4699911544015236+0.31108605007690693j)
755.9999999999999,(-0.4715498833541498+0.3205152320412147j),(0.04022082261129922-0.2878874545573868j),(-0.2669194110024363+0.11675114800429892j),(-0.4658316571430622+0.3163105081546209j)
756.9999999999998,(-0.4673097287808189+0.3257976641159934j),(0.03489743293413766-0.28906350938705583j),(-0.2651286632398185+0.12176360325898707j),(-0.46164694764846914+0.3214486831789063j)
758.0000000000001,(-0.46302642783758874+0.3310065996279711j),(0.029581431947705267-0.29012551126221486j),(-0.2632591140270161+0.12671973353750782j),(-0.45743771102453146+0.32651125436888984j)
759.0000000000001,(-0.4586967908832661+0.33614510185409807j),(0.024272404059847846-0.29108579247671373j),(-0.26131708785932395+0.13162816553386614j),(-0.45320060697328657+0.33150636426837155j)
759.9999999999999,(-0.4543162968143174+0.34121263611558905j),(0.018964724235074976-0.2919526934112343j),(-0.25930332836937564+0.13649872884587075j),(-0.4489302780866705+0.33643862039474126j)
760.9999999999999,(-0.44988163809606296+0.34620485807805124j),(0.013650750103246234-0.292728828048853j),(-0.257213057311262+0.14133951488810143j),(-0.44462122719711694+0.3413092352126088j)
762.0,(-0.44539290903902296+0.3511150109167097j),(0.008324197576552311-0.29341140744140104j),(-0.2550375530493344+0.146154341512204j),(-0.4402690741179869+0.34611690197112155j)
762.9999999999999,(-0.440854549729556+0.35593639284644013j),(0.002982564385496156-0.2939942462044518j),(-0.2527668114658534+0.15094137052749093j),(-0.4358710517642969+0.35085887965725j)
763.9999999999999,(-0.4362746570410805+0.36066495239870616j),(-0.00237207027129048-0.2944705530988039j),(-0.25039252270501694+0.15569326809204606j),(-0.43142591571509104+0.3555318567085906j)
764.9999999999998,(-0.4316628977572596+0.3653010362301765j),(-0.007733901099889098-0.29483545498312236j),(-0.24791051972319905+0.16039882698567123j),(-0.42693360981168854+0.3601324004073967j)
766.0,(-0.4270277704887624+0.36984964305336004j),(-0.013095363994405196-0.2950874344937399j),(-0.24532204227093823+0.16504554332773186j),(-0.4223950158642502+0.36465705777019836j)
766.9999999999999,(-0.4223741836085245+0.3743190875091849j),(-0.018449357571723446-0.29522835121241264j),(-0.2426335374656683+0.16962239165464943j),(-0.41781195640695545+0.36910234523488966j)
767.9999999999999,(-0.41770218336842646+0.37871854004577216j),(-0.023790887461151433-0.29526226237628794j),(-0.23985515405459307+0.1741220372560648j),(-0.4131874054604714+0.3734648892878722j)
769.0000000000001,(-0.41300724670227235+0.38305528390493915j),(-0.02911762110173395-0.29519366280776005j),(-0.2369984421782434+0.17854194563440132j),(-0.4085256940390824+0.3777418652490875j)
769.9999999999998,(-0.4082820097895854+0.3873325982376976j),(-0.03442930719743288-0.29502589682553804j),(-0.2340739424415405+0.18288420803851949j),(-0.4038324463279688+0.381931689743473j)
770.9999999999998,(-0.4035188307137561+0.3915489321104104j),(-0.03972644475243706-0.2947603387190839j),(-0.2310893032413265+0.18715427634127643j),(-0.39911406693416057+0.38603474328085285j)
772.0000000000001,(-0.39871233896900066+0.3956985802543101j),(-0.04500883016746332-0.29439657883584563j),(-0.22804834090854154+0.1913590752753384j),(-0.39437678108554625+0.3900538118718731j)
773.0,(-0.39386117402747406+0.39977357435018807j),(-0.0502745970941004-0.2939334393944123j),(-0.22495114241012823+0.19550506438045753j),(-0.38962543227176377+0.39399397983499224j)
773.9999999999998,(-0.38896842294626316+0.4037661321574005j),(-0.05552012084229131-0.2933703328485192j),(-0.22179501165648463+0.19959674671146024j),(-0.3848623831899047+0.3978618665589719j)
775.0,(-0.38404071263696904+0.40767087469003815j),(-0.060740794685102406-0.292708371076561j),(-0.21857586573842697+0.20363591435285414j),(-0.3800868881777125+0.401664319733239j)
776.0,(-0.3790863391170928+0.4114861541200186j),(-0.06593234146104039-0.29195075844262985j),(-0.215289640098201+0.20762166473572286j),(-0.3752951956079845+0.4054068765738876j)
776.9999999999999,(-0.3741130859996214+0.415214167796507j),(-0.07109212419583186-0.29110229499593177j),(-0.21193335253499182+0.21155100298383644j),(-0.3704814318277763+0.40909241092866233j)
777.9999999999999,(-0.36912642298565823+0.4188599418454741j),(-0.07621992767561792-0.29016816145285707j),(-0.20850565326584375+0.21541972566411424j),(-0.3656390828575876+0.41272035893389575j)
778.9999999999998,(-0.36412858986701746+0.4224296124354302j),(-0.08131788493581435-0.2891524282213451j),(-0.20500688032423856+0.21922328063950067j),(-0.36076270388529985+0.4162867654867931j)
779.9999999999999,(-0.35911874268617744+0.4259286081869763j),(-0.08638953730440299-0.28805683382156644j),(-0.20143878116562616+0.22295739419872787j),(-0.35584940966592177+0.4197851659962347j)
780.9999999999999,(-0.3540939860337315+0.4293603024178018j),(-0.0914383283421298-0.28688028459866466j),(-0.19780411454855779+0.22661839922580598j),(-0.3508997545806459+0.4232080844422768j)
781.9999999999999,(-0.3490508554984354+0.4327254903613948j),(-0.09646603258562278-0.2856192779424358j),(-0.19410630998911452+0.2302033281041217j),(-0.34591777994068307+0.4265487610545147j)
782.9999999999999,(-0.343986722376692+0.4360227409976283j),(-0.10147164492608472-0.284269136806067j),(-0.19034926571056532+0.23370990606904082j),(-0.3409102343841351+0.42980266911017817j)
783.9999999999999,(-0.33890068222377046+0.4392493843647822j),(-0.10645110385305397-0.28282567274514864j),(-0.1865372575874455+0.23713657713241426j),(-0.33588519154296703+0.4329684516572899j)
785.0,(-0.3337937123650607+0.4424027161106385j),(-0.11139794909398563-0.2812867563986521j),(-0.18267485690680135+0.24048262828875067j),(-0.3308504350056062+0.4360480783984839j)
786.0,(-0.3286681542029117+0.4454809797693821j),(-0.11630471549683724-0.2796533085776641j),(-0.17876674159842243+0.24374838377065905j),(-0.325812016890676+0.4390462361820375j)
786.9999999999999,(-0.32352679971380954+0.4484838155572408j),(-0.1211646380416472-0.27792941383020753j),(-0.1748173353293294+0.24693536242908132j),(-0.32077332078978255+0.4419691602938799j)
787.9999999999999,(-0.31837196775590354+0.45141208544642j),(-0.12597315701054682-0.27612153456689j),(-0.1708302982613509+0.2500462618823897j),(-0.31573480280690697+0.444823235549728j)
789.0000000000001,(-0.3132049195982782+0.4542672153176025j),(-0.13072878812751879-0.27423707636199096j),(-0.16680798460948795+0.2530846663281133j),(-0.3106943970709633+0.44761371900539293j)
790.0,(-0.3080258087890712+0.457050357191436j),(-0.13543312817806707-0.27228273906210887j),(-0.16275103771603916+0.25605445992212705j),(-0.30564840927452447+0.4503438639360346j)
791.0,(-0.3028341497808994+0.4597617182850866j),(-0.14009003171954437-0.2702631317890119j),(-0.15865828904303902+0.258959034095602j),(-0.30059262550197485+0.453014588333702j)
792.0,(-0.29762959839124015+0.46240032256889585j),(-0.14470423442860902-0.2681800276642957j),(-0.15452706081978557+0.26180046674424273j),(-0.2955233520271948+0.4556246761394668j)
792.9999999999999,(-0.29241272909677696+0.4649643002714231j),(-0.14927984211104534-0.2660324262161939j),(-0.15035386257976902+0.2645788909820144j),(-0.2904381665543402+0.4581713711184592j)
794.0,(-0.2871855013350926+0.4674516043333521j),(-0.15381911453456723-0.2638173476721877j),(-0.14613535391786117+0.2672922446962158j),(-0.2853362733048579+0.46065115345354957j)
795.0,(-0.28195122126789685+0.46986089791391966j),(-0.15832185639648463-0.26153107938701103j),(-0.1418693571690062+0.2699365047028619j),(-0.2802184745184749+0.4630604881805264j)
795.9999999999999,(-0.27671398385668+0.47219229397073414j),(-0.16278552830890844-0.2591704885211945j),(-0.137555673019196+0.2725063856615084j),(-0.27508686362990764+0.4653963911889044j)
797.0,(-0.27147776086273184+0.47444767426439827j),(-0.1672059746309744-0.25673403076440576j),(-0.13319649008342263+0.2749963601698668j),(-0.2699443884506095+0.4676567458797328j)
798.0,(-0.2662454239484321+0.47663045211093114j),(-0.17157849804186198-0.2542222077447684j),(-0.12879627619716977+0.2774017686191819j),(-0.2647944224743983+0.46984038969836905j)
799.0,(-0.26101801993074814+0.4787448237301284j),(-0.17589893851578567-0.25163741004935375j),(-0.12436116735580091+0.2797197604485761j),(-0.259640432438233+0.471947048036061j)
800.0,(-0.25579454101406485+0.4807947181607126j),(-0.18016445009787688-0.24898326808709972j),(-0.11989799415248872+0.28194984932825806j),(-0.25448576462189265+0.4739772098652377j)
