lambda_nm,txx,txy,tyx,tyy
500.0,(0.3792809312174939+0.2507860292577943j),(0.05181413576573463+0.051298244908520536j),(0.04628787760635173+0.04732791620787524j),(0.49709815910620003+0.32280899948330555j)
500.99999999999994,(0.38291370513705253+0.24030061173162567j),(0.0549735964188317+0.049933956584724846j),(0.04936700405952183+0.04635554104824699j),(0.505127359792084+0.30948074329055014j)
501.99999999999994,(0.38614136298664237+0.22991458353676783j),(0.058077759243294384+0.04838470099358098j),(0.05242460237354048+0.04521050249305262j),(0.5127299153477091+0.29600856311126994j)
503.0,(0.3889862662948017+0.21964700873157628j),(0.06112949147943785+0.04668113871286706j),(0.055473257388000546+0.0438970258549156j),(0.5199438635633066+0.28243972404241247j)
503.99999999999994,(0.3914640180392637+0.20950893998112344j),(0.06415063350716155+0.04481771696283482j),(0.05851783048921777+0.04239849796973434j),(0.5268082813137359+0.2687527693037822j)
504.99999999999994,(0.3935813295056473+0.19951350339238438j),(0.06713102932785212+0.04276542264732817j),(0.06154224135792191+0.04069370245732806j),(0.533296799415082+0.25491512498978497j)
506.0,(0.3953430867095919+0.18968298335409017j),(0.07003302411240159+0.04052232402764293j),(0.0645153166270196+0.03877585365966725j),(0.5393622746953083+0.24095535766146667j)
507.0,(0.3967619159762595+0.18004690540947713j),(0.07284030842852739+0.038117016434809005j),(0.06740894452965579+0.03665807282835969j),(0.5450127217006011+0.2269321874856318j)
507.99999999999994,(0.39786188785092436+0.17063329897108123j),(0.07556884282717793+0.03556254309207431j),(0.07021209569037694+0.034361952645930706j),(0.5502943515099253+0.21285719044704765j)
509.0,(0.3986736479790976+0.16146097006707433j),(0.07822455561159264+0.03283845198861973j),(0.07292931839447814+0.03190032088718197j),(0.5552152554639401+0.19869784670795265j)
510.0,(0.39922575351522066+0.15253912193804756j),(0.08077896056657524+0.029928187128297225j),(0.07556630289671028+0.029269079270830386j),(0.559735029760054+0.18445059217108647j)
510.99999999999994,(0.3995398048491687+0.1438739267942464j),(0.08320047330552073+0.02684896831270526j),(0.07811553907399132+0.026454112793067718j),(0.5638323230134924+0.1701637929073081j)
511.99999999999994,(0.39963314053787674+0.1354758201093235j),(0.08548847683264434+0.02362744447754092j),(0.08055380929744459+0.0234463685588886j),(0.5675391567786652+0.1558778871406245j)
513.0,(0.39952620074115236+0.12736116756188728j),(0.08765644232634864+0.020262859301089817j),(0.0828525598783961+0.020252205539547232j),(0.5708907169528212+0.1415814746781787j)
513.9999999999999,(0.39924796396261836+0.11954714133549166j),(0.08969368260899166+0.016736188679414607j),(0.08499171967518228+0.016891124423257634j),(0.5738740032585593+0.1272503365828087j)
514.9999999999999,(0.3988349304372427+0.11204437626677588j),(0.09156657117270968+0.013048362035511943j),(0.08696565562560866+0.013383817696422929j),(0.5764545633386959+0.11290385426855265j)
516.0,(0.3983247613994207+0.1048534882314742j),(0.09325509321763135+0.009226849296225552j),(0.08877725772828701+0.00974089851575399j),(0.5786354094733586+0.09859126253132594j)
517.0,(0.39774996975970145+0.09796794999251615j),(0.09476661691221593+0.005292419891275471j),(0.09042589113174514+0.005961171212188993j),(0.5804564478006363+0.08433304425435459j)
518.0,(0.3971366221999637+0.09138048061955503j),(0.09610729524691156+0.0012391886908412254j),(0.09189923813923402+0.002040008121064693j),(0.5819390627223167+0.07010885200603854j)
519.0000000000001,(0.3965086003550574+0.08508747384724939j),(0.09725703861718683-0.002942486523435806j),(0.09317511366909209-0.0020195252322175354j),(0.5830626150794416+0.05590711171778439j)
520.0000000000001,(0.39589344894585965+0.07908795794493101j),(0.09818572592045051-0.007237165796826556j),(0.09423108222093597-0.006201614272928888j),(0.5838060116744992+0.04175825658576175j)
521.0,(0.395324825153324+0.0733782029407649j),(0.09888420133406627-0.011613057155763261j),(0.0950539223444844-0.01048207877155572j),(0.5841886106955398+0.027703096291267364j)
521.9999999999999,(0.3948395786194578+0.06794649529321103j),(0.09936325649272205-0.016053216684517525j),(0.0956418243345823-0.014838084264768788j),(0.5842500632869144+0.013746800625995146j)
523.0,(0.39447184513706457+0.06277220366239579j),(0.09962405796302407-0.020561848438959727j),(0.09599834104960547-0.01925542853604868j),(0.5840022308222742-0.00013324658733178177j)
524.0,(0.394248724886239+0.0578296689355621j),(0.09964523228976999-0.025137888639963437j),(0.09612337936723808-0.023728181746307257j),(0.583424834118768-0.013940454698422327j)
525.0,(0.39419061046426473+0.053093697467795554j),(0.0994046916670913-0.029756356450022454j),(0.09600823326622802-0.02825162967462605j),(0.5825084641524515-0.027643349100582568j)
525.9999999999998,(0.3943154741424118+0.04854241802214087j),(0.09890270838447944-0.03438421802660935j),(0.09563802782313473-0.03281432949652688j),(0.5812801608269784-0.04121201102842607j)
527.0,(0.3946434569351759+0.044155545382613834j),(0.09815294405310523-0.03900606871446505j),(0.09499919786693395-0.03739520148660562j),(0.5797758675276327-0.05465152557563414j)
528.0,(0.3951981079797943+0.03990969289116389j),(0.09715610361998683-0.043622303874202704j),(0.09408618284513559-0.041967364090591965j),(0.5780018790939029-0.06798509956262834j)
528.9999999999999,(0.3960033632933035+0.03577448623764034j),(0.09589482015759782-0.0482238701240006j),(0.09290263437569313-0.04650538730235607j),(0.5759402662381453-0.08121363733706934j)
529.9999999999999,(0.39707856808428776+0.031712397863324464j),(0.0943560700104323-0.052780649882026215j),(0.09145682203023033-0.05099050187438772j),(0.5735880001211532-0.09430992732336994j)
530.9999999999999,(0.3984351188526703+0.027682299610668797j),(0.09254831442515485-0.057259222389349225j),(0.08975510022825088-0.05541028541904212j),(0.5709730705767114-0.10725360218364166j)
532.0,(0.4000768542998243+0.023644040509796033j),(0.09048984613570689-0.061643785990733856j),(0.08779831559974767-0.05975360858931721j),(0.5681263264713126-0.12005602297863675j)
533.0,(0.4020034411435977+0.019560845611931287j),(0.08818619426234324-0.06593119997260892j),(0.08558350063048158-0.06400491567822308j),(0.5650501659875545-0.1327412103887022j)
534.0,(0.4042139002266141+0.015398191330040372j),(0.08562849350245925-0.07010858626377582j),(0.0831092621078109-0.06814202376013748j),(0.5617270580457399-0.1453112321806162j)
535.0,(0.406707558047167+0.011120498352965047j),(0.08281404096883248-0.07414543613838698j),(0.0803808219923452-0.07213880317408851j),(0.5581540531566644-0.15774390900725205j)
535.9999999999999,(0.40948180482894775+0.006688487378799223j),(0.07975982242567957-0.0780105482909952j),(0.07741124959669063-0.07597060251038905j),(0.5543551149461495-0.17002407404739134j)
537.0,(0.4125284271185516+0.0020593777182457717j),(0.07649091008796621-0.08168979383347665j),(0.07421833058494065-0.07961857795611721j),(0.5503558493443955-0.18216440677007756j)
538.0,(0.41583122648171855-0.0028100795882330296j),(0.07302052954519338-0.08518084877008437j),(0.07081953297297901-0.08307016098812518j),(0.5461564359496784-0.19418843457761398j)
538.9999999999999,(0.4193665713025855-0.00795977635849343j),(0.06934888674820051-0.08847318264917947j),(0.06722860162650675-0.08631574417784556j),(0.541738849987577-0.20610023811875866j)
540.0000000000001,(0.42310635892013354-0.013424116485378031j),(0.06548143425559161-0.09154080202463753j),(0.06345591616909524-0.08934419430840276j),(0.5370970101636454-0.21788155965967146j)
541.0,(0.427021202458362-0.019232718775294505j),(0.061441506176059674-0.09435693501900844j),(0.05951205979857368-0.09214036294736425j),(0.5322489779218347-0.22951864659863988j)
542.0,(0.431081636591507-0.02541302007304397j),(0.05726098520899791-0.09691055084086257j),(0.05541197171156215-0.09468618481890154j),(0.5272160841456347-0.2410221340939887j)
542.9999999999999,(0.4352566681008305-0.03199254373590048j),(0.05296220471721151-0.09920333664243272j),(0.051176889028866156-0.09696448397363393j),(0.5219976795889382-0.2524143030336664j)
544.0,(0.4395109222795709-0.038998923932024455j),(0.0485548970832303-0.10123231497554182j),(0.04683293857182538-0.09896293991155336j),(0.516574334753733-0.2637015392836345j)
545.0,(0.44380260638023206-0.046457408633618656j),(0.044051213379422055-0.10298155515354693j),(0.0424074625405794-0.10067578994932484j),(0.5109341079799828-0.27486783853180685j)
545.9999999999999,(0.4480839195900849-0.054387314680837795j),(0.03947838625641996-0.1044334828566358j),(0.03792547738147699-0.10210249350731371j),(0.5050874434347754-0.285896484732566j)
547.0,(0.4523038745897601-0.06279958765470399j),(0.03487260992939431-0.10558465300586864j),(0.03340833586884081-0.10324455324407693j),(0.49905252913545106-0.2967910232604357j)
548.0,(0.45641193399718394-0.07169683514266138j),(0.030262361705126535-0.1064458707958613j),(0.028875071590371833-0.10410270566138818j),(0.49283108230546796-0.3075691256230601j)
549.0,(0.46036043474667565-0.08107556073577155j),(0.02566230249267872-0.10702722639296573j),(0.024345181264170658-0.10467622753478042j),(0.48640542046487706-0.31823827230585305j)
549.9999999999999,(0.46410468848549963-0.09092895871557916j),(0.02108460117898316-0.10732744083318321j),(0.019840826432774225-0.1049646038295335j),(0.4797595761053136-0.3287843132255062j)
551.0,(0.46760122520274905-0.10124841134559373j),(0.016552501901785466-0.10734055615886323j),(0.015386985756155476-0.10497030343760243j),(0.47289736759114204-0.33918642808327193j)
552.0,(0.47080582370857754-0.11202283106803705j),(0.012098932772062107-0.10707085873881017j),(0.011009483470576738-0.10470082745563153j),(0.4658354991775138-0.3494389013589677j)
552.9999999999999,(0.47367301168358766-0.12323648614860523j),(0.007752208083972798-0.10653720308127834j),(0.006732121821314557-0.10416878475294358j),(0.4585813776682161-0.3595528492571769j)
554.0,(0.4761576647000819-0.134866948156796j),(0.0035265744558638373-0.1057617372380818j),(0.0025745819501450627-0.10339003015988384j),(0.4511233655111895-0.3695367629449635j)
555.0,(0.4782179266435604-0.1468846936888697j),(-0.0005713657382108394-0.10475718826737854j),(-0.001447838141372981-0.10238103360859936j),(0.4434447628802866-0.3793803514748329j)
556.0,(0.47981782754728247-0.1592548126143681j),(-0.00452899164832094-0.10352789092178269j),(-0.0053227441672740045-0.101156980516352j),(0.43554378204239724-0.3890609849217138j)
556.9999999999999,(0.48092819065765796-0.17193995729288752j),(-0.008323635036212416-0.10208249227781609j),(-0.009038509047196783-0.09973152791276092j),(0.427435511620102-0.39856415354509556j)
558.0,(0.4815255036860707-0.18490294916036543j),(-0.011932712513427488-0.10044241559414001j),(-0.012582822691169311-0.09811809162524555j),(0.4191343703672085-0.4078931942710803j)
559.0,(0.4815896588745566-0.19810775225009117j),(-0.015345486402504027-0.09863594792253139j),(-0.01594273317826938-0.09633167333090915j),(0.4106385676753291-0.417057388352851j)
559.9999999999999,(0.4811020776824525-0.21151858952837516j),(-0.01856254806476129-0.09668525623035659j),(-0.019106045337418286-0.0943900256796435j),(0.40193467130300636-0.4260533622973766j)
561.0,(0.48004539080982983-0.22509812148147404j),(-0.021584130678213742-0.09460160589037046j),(-0.022063178610033516-0.09231344347123466j),(0.3930161158322284-0.43486177621935407j)
562.0,(0.47840480759013687-0.23880612877091387j),(-0.024401314475193035-0.09239380522931165j),(-0.02480840430623587-0.09012330488999828j),(0.38389366872349157-0.44346255175187405j)
563.0,(0.4761702454398715-0.2525997628203485j),(-0.027000186803719853-0.09007934269999582j),(-0.02733981631605179-0.08784016598130136j),(0.37458615723886-0.4518504417723607j)
564.0,(0.47333783846986766-0.2664354278081798j),(-0.02937362024560509-0.0876850383933864j),(-0.029658129048791764-0.08548237987674014j),(0.365102841627457-0.4600332230243666j)
565.0,(0.4699098383119746-0.28027136497819877j),(-0.0315267963837553-0.08523661205501752j),(-0.03176500417645236-0.08306583904977621j),(0.3554377454031149-0.46801534923131255j)
565.9999999999999,(0.46589287923402534-0.29406961060184256j),(-0.03347026431412731-0.08274922699476565j),(-0.033661773133958746-0.08060478991227411j),(0.3455817939360389-0.47578616167191345j)
566.9999999999999,(0.46129551013831493-0.3077963920549277j),(-0.035208635941707526-0.08022949291052896j),(-0.03534911163052453-0.07811312330573718j),(0.33553835526967574-0.48332573826786096j)
568.0000000000001,(0.45612625983708427-0.3214209376004184j),(-0.03673754836568706-0.07768614999589282j),(-0.03682765867250252-0.07560537657439378j),(0.32532463947438967-0.4906211745823504j)
569.0,(0.45039312403027965-0.33491354859802014j),(-0.03805175271663666-0.07513714901323106j),(-0.03809908212127426-0.0730969329556282j),(0.3149578831341813-0.49767483388885764j)
569.9999999999999,(0.4441045054266388-0.3482441210511259j),(-0.03915474241621156-0.072605423311695j),(-0.03916692032492555-0.07060338944856454j),(0.30444206207856866-0.5044957590788212j)
570.9999999999999,(0.4372708209411873-0.36138194887590025j),(-0.04005908171551829-0.07010849092244477j),(-0.04003672307050938-0.06813950592996668j),(0.29376961042188277-0.511084249862605j)
572.0,(0.4299056724951518-0.3742968405764779j),(-0.04077729640501126-0.06765359428874763j),(-0.04071543013072653-0.0657183267973338j),(0.28293567404171616-0.5174265934155604j)
573.0,(0.422025806887196-0.38696081607001587j),(-0.041313525449817194-0.0652435580546661j),(-0.041210325089880526-0.0633509247201581j),(0.27194899967946806-0.5235052076894255j)
573.9999999999999,(0.41364983779666886-0.3993493501030416j),(-0.04166491443724883-0.0628866992024222j),(-0.041528088617663585-0.06104686433514312j),(0.2608278888045094-0.5293126658117423j)
575.0,(0.4047964221049115-0.41144143233825864j),(-0.04183087928986781-0.060600011043162205j),(-0.04167438283326353-0.05881512077392652j),(0.2495861153451267-0.5348544352530625j)
576.0,(0.3954828718497008-0.42321841446220454j),(-0.04182001230250258-0.05840247035886131j),(-0.0416541051289283-0.05666499162814424j),(0.2382241557691655-0.540137816565793j)
576.9999999999999,(0.3857249059487012-0.43466229709925036j),(-0.04164731501511103-0.05630595817053346j),(-0.04147211991167445-0.054606585941663434j),(0.22673480960217596-0.5451592503836201j)
578.0,(0.3755375881434903-0.44575439550419377j),(-0.041324966294857504-0.05431352173115425j),(-0.04113407018285457-0.05265071113836502j),(0.21511679382704224-0.5499033556809246j)
579.0,(0.36493684335420734-0.4564750759946499j),(-0.04085651219680776-0.05242661196060251j),(-0.0406468698736027-0.05080827652005286j),(0.20338184325255917-0.5543542523697781j)
580.0,(0.3539406528838392-0.4668046380521628j),(-0.0402404092733402-0.050653491534829766j),(-0.040018660347462424-0.049089547281288816j),(0.1915481925334637-0.5585069473911592j)
580.9999999999999,(0.34256924053902926-0.4767247849415624j),(-0.03947891159456191-0.04901010169917144j),(-0.039258278830637046-0.047503627708193955j),(0.17962766166567373-0.5623669955925861j)
582.0,(0.3308441374606435-0.48621982134521374j),(-0.03858293519040216-0.047512809734809376j),(-0.03837450723248071-0.04605842399794079j),(0.16761984052763618-0.5659391442814251j)
583.0,(0.3187866264003923-0.49527688738487724j),(-0.03756803545714028-0.046170828954628915j),(-0.03737545483970121-0.04476110882101775j),(0.15551910051366033-0.5692168671157716j)
583.9999999999999,(0.30641638785806613-0.50388507041849j),(-0.03644590938293602-0.04498615052108804j),(-0.03626835368133091-0.043618888823343735j),(0.1433269507638936-0.5721833167365282j)
585.0,(0.29375104483461956-0.5120338301599996j),(-0.03522023466400388-0.04396091049149571j),(-0.035059856475609684-0.042639755938861296j),(0.13105718443755665-0.5748223124477966j)
586.0,(0.2808068177472239-0.5197115137541383j),(-0.033890978092495805-0.04310461107829451j),(-0.033756712412224645-0.04183292627732525j),(0.11872898467663431-0.5771279934470794j)
587.0,(0.26759992713375047-0.526904659701301j),(-0.03246267766922894-0.04243403044348389j),(-0.03236654691771428-0.04120881678476711j),(0.1063553426521129-0.5791035458682999j)
587.9999999999999,(0.2541480213018121-0.5335983536530015j),(-0.030948419196920617-0.041966197818549406j),(-0.030898445794191945-0.0407786115559034j),(0.09393850677913133-0.5807505988787519j)
588.9999999999999,(0.24047093479076892-0.5397773472014618j),(-0.029365809718369006-0.04171166567485177j),(-0.02936314606370435-0.040553640464336245j),(0.08147683314399098-0.5820600092236704j)
590.0000000000001,(0.22659046830283022-0.5454272714332081j),(-0.027729288905910567-0.04167475569977421j),(-0.027772818333041828-0.040544863473831794j),(0.0689761108313417-0.5830130004721338j)
590.9999999999999,(0.21252940904121717-0.5505352555396363j),(-0.02604658028262049-0.04186038037088825j),(-0.026140610974889348-0.04076269839996553j),(0.056454364332746046-0.5835912361135762j)
592.0,(0.19831040838027225-0.5550895917188106j),(-0.024322810897636618-0.04228063804310815j),(-0.02448023846821156-0.04121727333096943j),(0.0439358662829756-0.5837858437464746j)
593.0,(0.18395540773501878-0.5590785888623772j),(-0.0225683151057999-0.04295481258150469j),(-0.022805889550165992-0.04191899292587688j),(0.03144063644525373-0.5835968050700417j)
594.0,(0.16948603166599896-0.5624891718573878j),(-0.020802763663160438-0.04390294560259141j),(-0.021132608751201164-0.042879159544685234j),(0.018979807590388677-0.5830236686775502j)
595.0,(0.15492490044848747-0.5653059105484262j),(-0.0190520619583565-0.045139255574572976j),(-0.019477117854918607-0.04411034659152101j),(0.006561318261554187-0.5820567844660686j)
596.0,(0.14029739117157358-0.5675109547551832j),(-0.01734149744647041-0.046671562581059936j),(-0.017858869090932445-0.04562630050801707j),(-0.005799491816423496-0.5806774879235057j)
597.0,(0.12563320102216718-0.5690849283209457j),(-0.015692084881827516-0.04850692650091779j),(-0.016301032033311562-0.0474413166077868j),(-0.01807420047001659-0.5788670302740112j)
597.9999999999999,(0.11096721075409237-0.5700084139734762j),(-0.014123853154135129-0.05065777194823069j),(-0.014831148929002719-0.04956922142398133j),(-0.030225419275580243-0.5766159754457046j)
599.0,(0.09633952305753711-0.5702634471569432j),(-0.01266322469428631-0.05314239965039048j),(-0.013481334705097733-0.0520222204348279j),(-0.042216342776698106-0.5739257266786105j)
600.0,(0.08179496411846245-0.5698345253003403j),(-0.011347926224692844-0.055979073776228294j),(-0.012288087406355806-0.054809879546332006j),(-0.054016530488802894-0.5708014870617338j)
600.9999999999999,(0.06738258321820963-0.5687089736391587j),(-0.010225335466931223-0.059178695331232926j),(-0.011291929060284157-0.05793839510987628j),(-0.06559853116744642-0.567243944535471j)
601.9999999999999,(0.05315564990168883-0.5668769189801257j),(-0.009346273318360996-0.06274205557066591j),(-0.010537145143532236-0.06141011735531053j),(-0.07692855750800696-0.563248011212047j)
603.0,(0.03917235427541435-0.564331409728364j),(-0.008760255177073597-0.06666312169446519j),(-0.010071805185528788-0.06522310776905066j),(-0.08795981311356614-0.5588104074972752j)
604.0,(0.025497005898407792-0.5610692513023009j),(-0.00851656052160963-0.07093410316758347j),(-0.009948056107824205-0.06937041536003533j),(-0.09863455952068563-0.5539399818607927j)
604.9999999999999,(0.012201189244373025-0.5570928914120804j),(-0.008669884260289817-0.075546389340973j),(-0.010222458086742027-0.07383879949317236j),(-0.10889319952199603-0.548662514845876j)
606.0,(-0.0006357855059623301-0.5524132998621659j),(-0.00928496953160233-0.08048517554467652j),(-0.010955970471255586-0.0786068024583056j),(-0.11868273424497232-0.5430170049110434j)
607.0,(-0.012927658959218881-0.5470534138576637j),(-0.01043532384704678-0.08572118591725073j),(-0.012213162069259044-0.08364232390688878j),(-0.12795807944507978-0.5370480834323941j)
607.9999999999999,(-0.02458342843868587-0.5410515123664938j),(-0.012196059190846755-0.09120535631590192j),(-0.0140603361871847-0.08890008258282256j),(-0.13667659630985418-0.530802396313701j)
609.0000000000001,(-0.03551083041764593-0.5344639048288009j),(-0.014635558334433705-0.09686966195445214j),(-0.016562489591525478-0.09431948542310016j),(-0.14479253135913975-0.5243328920842254j)
610.0,(-0.04562070164636907-0.5273665255604748j),(-0.01781100831846507-0.10263205787971891j),(-0.019779288736980833-0.09982341608438577j),(-0.15225834797663246-0.517707633175029j)
611.0,(-0.05483176214473639-0.5198552940755071j),(-0.02176878448872057-0.10840042987447664j),(-0.02376046060715921-0.1053183147912627j),(-0.15903412774076423-0.5110154520866339j)
612.0,(-0.06307546733825058-0.5120452998590813j),(-0.026545974819936428-0.11407212629809892j),(-0.028541100081759863-0.11069570634608814j),(-0.16509950368585252-0.5043630666132525j)
613.0,(-0.07030074217070698-0.5040689185748867j),(-0.032168160728417605-0.11953042613303698j),(-0.03413737956145462-0.11583511998471106j),(-0.17046066373736818-0.49786493600498277j)
614.0,(-0.07647851274195487-0.49607287640690856j),(-0.038641880096404076-0.12464293428382922j),(-0.040543045966052176-0.12060819587457375j),(-0.17514919670572585-0.49163239114185037j)
614.9999999999999,(-0.08160590900511992-0.4882141427103457j),(-0.04594508395263945-0.12926624485649824j),(-0.047726967772647046-0.12488371087447156j),(-0.17921606360171194-0.4857681161398586j)
615.9999999999998,(-0.08570982875788473-0.4806544737811277j),(-0.054021215528501774-0.1332568647583829j),(-0.05563190722588982-0.12853325742804797j),(-0.18272718465778712-0.48036662520122675j)
617.0,(-0.0888493187704017-0.4735535463828301j),(-0.06278043515758779-0.13648399077131784j),(-0.06417466319033728-0.13143732124253601j),(-0.1857645210233663-0.4755158313198771j)
618.0,(-0.09111608024565024-0.46706092119224907j),(-0.07210684787957382-0.13883881195714134j),(-0.07324773670245437-0.13349147343547657j),(-0.18843058406389396-0.47129386948622537j)
618.9999999999999,(-0.09263246332828483-0.46130748118485176j),(-0.08186720806697262-0.140238077378299j),(-0.08272265941841563-0.13461229968563804j),(-0.1908501992925772-0.4677596856288466j)
620.0,(-0.09354662527195406-0.45639735040995466j),(-0.0919170443391257-0.14062397491839582j),(-0.09245503589699611-0.1347425578919571j),(-0.1931645509788599-0.46494177895579236j)
621.0,(-0.09402503391058259-0.45240146082637156j),(-0.10210373729040804-0.13996433730006252j),(-0.1022911540227839-0.1338549524221158j),(-0.1955180228011225-0.4628319838224318j)
621.9999999999999,(-0.09424306065294276-0.4493538031394389j),(-0.11226955595978802-0.1382553982556193j),(-0.1120757351558277-0.13195391584443583j),(-0.19804364898094165-0.46138828035978496j)
623.0,(-0.09437484844265727-0.44725097612615655j),(-0.12225806277679623-0.1355255280762567j),(-0.12166009981232642-0.12907495328499627j),(-0.2008539091014079-0.4605447047249647j)
624.0,(-0.09458381393990566-0.44605504477724256j),(-0.1319243611858402-0.13183593144605035j),(-0.13090981741163812-0.12528143169209216j),(-0.20403956800478987-0.46022216659515797j)
625.0,(-0.09501498898815468-0.44569910353425957j),(-0.14114590021292786-0.12727531985516072j),(-0.13971088154031897-0.12065912362924275j),(-0.20767360788647907-0.4603345465547383j)
625.9999999999999,(-0.09578997110812015-0.44609449389428274j),(-0.14982911577099875-0.12194930148939298j),(-0.14797364853429354-0.1153092312764373j),(-0.21181443904278618-0.46078909579312566j)
627.0,(-0.09700467247666887-0.4471384647350626j),(-0.15790930504757988-0.11596870718038745j),(-0.1556341690759909-0.10934089734889622j),(-0.2165045070789974-0.4614850262804035j)
628.0,(-0.09872950694328846-0.44872121107342083j),(-0.16534518350369318-0.1094415784504012j),(-0.16265303405556325-0.10286426389296348j),(-0.22176529777411047-0.4623154504767568j)
628.9999999999999,(-0.10101128768070465-0.45073160558547615j),(-0.17211247306851446-0.10247073980924706j),(-0.16901231232844205-0.09598494270423528j),(-0.22759353888995879-0.4631747084145924j)
629.9999999999999,(-0.10387600355791246-0.4530614040216021j),(-0.17820050490736697-0.09515497070786785j),(-0.17471145033732804-0.088800366867993j),(-0.23396312367790822-0.46396827963787485j)
631.0,(-0.10733178578445841-0.45560810593367984j),(-0.18361264618281042-0.08758973916633939j),(-0.17976305321836764-0.0813980190159509j),(-0.2408332538830601-0.46461981807757163j)
631.9999999999999,(-0.11137167347959581-0.458276873883994j),(-0.18836793567299265-0.07986467042867687j),(-0.18418927285956382-0.07385511963538764j),(-0.24815874552318776-0.4650714327549979j)
632.9999999999999,(-0.11597610482762906-0.4609819226705352j),(-0.19250025263552384-0.07205826736817186j),(-0.18801916691969614-0.06623912562969744j),(-0.255896887266731-0.4652778916141039j)
633.9999999999999,(-0.12111527969666198-0.463647630978659j),(-0.1960533330555609-0.06423318250730865j),(-0.1912869909906586-0.05860838969150844j),(-0.2640078207681761-0.46519944801517665j)
635.0,(-0.12675159521886606-0.466209401855403j),(-0.19907332058831012-0.05643542604685962j),(-0.19403107679447026-0.05101253953153017j),(-0.27245010222379457-0.4647984886340031j)
635.9999999999999,(-0.1328422556281507-0.4686141172094578j),(-0.20160264613193363-0.04869828390130793j),(-0.1962928257481163-0.043492459074270844j),(-0.2811763732044409-0.46404192013920925j)
637.0,(-0.13934197104819018-0.4708199744225703j),(-0.2036782755761706-0.04104846138464397j),(-0.1981154324004266-0.036080064890921505j),(-0.29013356740788465-0.4629067042681873j)
637.9999999999999,(-0.1462054849477617-0.4727955795454176j),(-0.20533436127683172-0.033510531796055704j),(-0.19954219409481228-0.02879825662170323j),(-0.29926832825163774-0.4613835755001758j)
638.9999999999999,(-0.15338959226121807-0.47451835870278325j),(-0.20660635230335644-0.026107189905724422j),(-0.20061455648921245-0.021661418525270953j),(-0.30853419352854744-0.4594753929887586j)
640.0,(-0.1608543699530974-0.4759725538989656j),(-0.2075328486987181-0.018855977970207504j),(-0.20137027077364691-0.014676671139010932j),(-0.3178956545145304-0.45719061125572336j)
641.0,(-0.16856352073315825-0.4771472029751713j),(-0.20815342216934837-0.011765709336577704j),(-0.2018421090819412-0.00784579314390849j),(-0.32732639320398593-0.4545359659877272j)
641.9999999999999,(-0.17648396184878293-0.47803450771066003j),(-0.20850377754824828-0.004835927342148352j),(-0.20205747225829698-0.00116746510566983j),(-0.33680313885866736-0.45151304376030627j)
642.9999999999999,(-0.1845849870921027-0.47862886240199304j),(-0.20861167494781035+0.001939595824212086j),(-0.20203897055620143+0.005360666156652734j),(-0.3462996202495174-0.44812060508636475j)
643.9999999999999,(-0.19283741797544027-0.47892659371558954j),(-0.20849652844765645+0.008567332086198864j),(-0.20180575701093795+0.011740580496701023j),(-0.3557848748475169-0.444360456094109j)
645.0,(-0.20121310749906246-0.4789262307752804j),(-0.20817297945434415+0.015049961235829511j),(-0.20137515616675425+0.017973417751624473j),(-0.36522695212432543-0.44024225023052554j)
645.9999999999999,(-0.20968498738100427-0.4786289647306614j),(-0.20765594331472442+0.021386300785967965j),(-0.20076404516959276+0.024059935663864992j),(-0.3745991796054658-0.4357835081411392j)
647.0,(-0.21822762068477783-0.4780389241514119j),(-0.20696364553684957+0.02757488808656892j),(-0.19998954294580337+0.030001578884279217j),(-0.3838843865236826-0.4310046383532856j)
648.0,(-0.2268180189603421-0.47716299431082265j),(-0.20611665117203365+0.03361838077349105j),(-0.19906881344558938+0.035801653749255494j),(-0.39307398230580587-0.42592230368959183j)
649.0,(-0.23543637727560923-0.4760101042539982j),(-0.20513374395408926+0.03952545479760986j),(-0.19801810433281478+0.04146608517883464j),(-0.40216242721517287-0.42054562483378716j)
649.9999999999998,(-0.24406640624492004-0.4745901227043534j),(-0.2040277056908912+0.045308716366978065j),(-0.19685141391266173+0.04700339378675314j),(-0.4111408287489365-0.4148777136915061j)
651.0,(-0.2526950841187918-0.47291266420612804j),(-0.2028040741158006+0.05097997273577691j),(-0.19557931290281202+0.05242381719060136j),(-0.41999395711981446-0.40892134560077475j)
652.0,(-0.2613118595804777-0.47098615473078814j),(-0.20146385250926788+0.05654604877768508j),(-0.19420839809012444+0.05773781095372693j),(-0.428702579117267-0.4026847796593135j)
652.9999999999999,(-0.2699075316974957-0.4688174268591571j),(-0.20000840453537017+0.062007948861269944j),(-0.1927416393357762+0.06295439461328912j),(-0.4372493669741684-0.39618370734584846j)
654.0,(-0.27847314835328-0.466411939102181j),(-0.19844328150807755+0.06736386279730958j),(-0.19117957378941614+0.06807987817925493j),(-0.44562424686379976-0.38943800343763013j)
655.0000000000001,(-0.2869992593906676-0.46377450532088793j),(-0.19677848021599295+0.07261390811254177j),(-0.18952200648948136+0.07311739043335477j),(-0.45382549222620683-0.3824654889915758j)
656.0,(-0.29547573924171594-0.4609102518188024j),(-0.19502506169677525+0.07776335861812621j),(-0.1877696948932037+0.07806737076944346j),(-0.4618557777504634-0.3752769041245177j)
657.0,(-0.3038921996908222-0.4578254491465006j),(-0.19319050380503922+0.08282216912832943j),(-0.18592548799554026+0.08292886850308058j),(-0.46971579266024754-0.3678754392825704j)
658.0,(-0.3122388142407229-0.45452791573929374j),(-0.19127597917246378+0.08780111439531124j),(-0.1839945615421198+0.08770122406844637j),(-0.4773996130660388-0.36026111510529446j)
658.9999999999999,(-0.32050723917300283-0.45102684237032753j),(-0.18927743314101303+0.09270711952366233j),(-0.18198368319253305+0.09238557548129901j),(-0.4848948358809743-0.3524370990206317j)
659.9999999999998,(-0.328691287949223-0.447332087169596j),(-0.18718979659152166+0.09754087963839113j),(-0.17989975899819555+0.0969856849974311j),(-0.49218732658335324-0.3444138049084415j)
660.9999999999999,(-0.3367871029777447-0.4434531724339475j),(-0.18501160077497963+0.10229833908287288j),(-0.17774815074777436+0.10150779896796522j),(-0.4992674258612434-0.33620810984750843j)
662.0,(-0.34479274100265594-0.4393983162969041j),(-0.18274701001023066+0.10697506257546252j),(-0.17553133421931227+0.10595956793262463j),(-0.5061335441469726-0.32783821856605827j)
662.9999999999999,(-0.3527072869374266-0.4351738218760179j),(-0.18040398459973933+0.11157065281652524j),(-0.17324836416217468+0.11034836228766454j),(-0.5127907980836418-0.31931751541732795j)
664.0,(-0.36052976982069507-0.43078402882945466j),(-0.1779897985297371+0.11609035568181682j),(-0.17089535567364958+0.1146795216275763j),(-0.5192455514133684-0.31065137012537625j)
665.0,(-0.36825822198565883-0.42623184749156795j),(-0.1755068330654377+0.12054282308162889j),(-0.16846686514076895+0.11895510727192382j),(-0.525499339167081-0.3018389479201176j)
666.0000000000001,(-0.37588917759283375-0.42151970521418514j),(-0.17295137460305193+0.12493547396305331j),(-0.16595776117406183+0.1231735765192341j),(-0.5315460279680914-0.2928788788341114j)
666.9999999999999,(-0.3834177653007673-0.4166506002759078j),(-0.17031621491241883+0.12927042221086427j),(-0.16336501034995723+0.12733051075682172j),(-0.5373739994525347-0.2837752050815182j)
668.0,(-0.39083835879778434-0.4116289235574034j),(-0.16759543282972686+0.13354357194325137j),(-0.16068881736048715+0.13142019747149442j),(-0.5429719763513912-0.27453986681384795j)
669.0000000000001,(-0.39814557009960455-0.4064607824382831j),(-0.16478835997310073+0.13774747475776705j),(-0.15793275096599263+0.1354375926630015j),(-0.5483348379532964-0.2651901678816386j)
669.9999999999999,(-0.4053352609552912-0.4011537203166204j),(-0.16190024799636007+0.14187617931510507j),(-0.15510279726865164+0.13938006122620927j),(-0.5534657919884197-0.25574279343641126j)
671.0,(-0.4124052415991845-0.39571591758419694j),(-0.15893921609081876+0.14592905992287822j),(-0.15220561471553365+0.14324834984011459j),(-0.5583735374366018-0.24620808199643165j)
672.0,(-0.419355424547222-0.3901551247980869j),(-0.15591136796050664+0.14991124538835077j),(-0.14924651809036493+0.14704647375696514j),(-0.5630661424127686-0.23658809008694492j)
673.0,(-0.42618737250332805-0.384477664622109j),(-0.152817099187416+0.1538303696761626j),(-0.14622781304657895+0.15078052738544703j),(-0.5675453733007172-0.2268796585234348j)
673.9999999999999,(-0.432903369769151-0.37868781961302794j),(-0.14965088678246424+0.15769162767436296j),(-0.14314800810277545+0.1544567592145464j),(-0.5718049354650497-0.2170806390663137j)
674.9999999999998,(-0.43950529668866783-0.372787804762106j),(-0.14640472597330634+0.16149416063373864j),(-0.14000217432334688+0.1580794839053312j),(-0.5758337156215116-0.20719552210166897j)
675.9999999999999,(-0.4459936505063828-0.3667783438190654j),(-0.1430731586035067+0.1652309954343378j),(-0.1367833800172105+0.16164946701002775j),(-0.5796221001233167-0.1972370620514205j)
676.9999999999998,(-0.4523670143621299-0.36065968224621453j),(-0.13965686469101157+0.16889261817036033j),(-0.13348480080491198+0.16516329002674557j),(-0.5831675934691573-0.18722289157449018j)
677.9999999999999,(-0.4586221420429798-0.35443273396032987j),(-0.13616263891395874+0.17247207317023308j),(-0.1301018922384195+0.16861392128795477j),(-0.5864763679517988-0.17716910421947568j)
678.9999999999999,(-0.46475464044045106-0.34810001482372804j),(-0.13259972722169408+0.17596855197644914j),(-0.12663397756816164+0.17199236343864505j),(-0.5895597791211048-0.1670845933160864j)
680.0,(-0.4707600504497036-0.3416660763207156j),(-0.12897466819007367+0.17938731669573582j),(-0.12308475980437876+0.17528992482994402j),(-0.5924278519991805-0.15696950613771232j)
680.9999999999999,(-0.4766350045788621-0.33513729982200385j),(-0.125287686411356+0.18273595985932314j),(-0.11946157158209461+0.17850046546246984j),(-0.595083535694135-0.14681877231645254j)
682.0,(-0.4823781123023426-0.3285211015626917j),(-0.12153279490966525+0.186019164737889j),(-0.11577354179582094+0.1816219574422378j),(-0.5975211007182031-0.13662870379687425j)
683.0,(-0.48799030038072533-0.3218247748336087j),(-0.11770160601882047+0.1892350311528913j),(-0.1120291793755617+0.1846568812152291j),(-0.5997296692270443-0.12640285997831877j)
683.9999999999999,(-0.4934744928033091-0.3150543069803346j),(-0.11378868314153845+0.19237514989845458j),(-0.10823405847127482+0.18761130290987313j),(-0.6016999052807489-0.11615376245392679j)
685.0000000000001,(-0.4988347079119114-0.3082135219039908j),(-0.10979534391284607+0.19542845560573208j),(-0.1043892806104961+0.190492854408879j),(-0.6034300514874812-0.1058993996353778j)
686.0,(-0.5040748227068214-0.3013038096192124j),(-0.10572968007759798+0.19838670272553866j),(-0.10049118713223802+0.19330815993302972j),(-0.6049278292783096-0.09565643562947632j)
687.0,(-0.5091973563685825-0.29432453824141397j),(-0.10160270408224516+0.20124844413546464j),(-0.0965324530677078+0.19606042862753192j),(-0.6062070346821158-0.08543394144587363j)
687.9999999999999,(-0.514202626870921-0.2872740477665007j),(-0.09742274833350024+0.20401920026898548j),(-0.09250430525047522+0.19874790951052448j),(-0.6072806549371063-0.07523122346818376j)
689.0,(-0.5190885348914881-0.2801509548953842j),(-0.0931912742055201+0.20670763759231284j),(-0.08839928057117272+0.20136368552768394j),(-0.6081543234005629-0.06504106539186445j)
690.0,(-0.5238510553965029-0.2729554024477954j),(-0.08890250615738866+0.20931983401863083j),(-0.08421376722797842+0.2038969241832041j),(-0.608823803732018-0.05485668027858227j)
690.9999999999999,(-0.5284853175207983-0.2656898933715775j),(-0.08454719584185416+0.21185482894305144j),(-0.0799496039284366+0.20633529942888282j),(-0.6092780085014204-0.044678563941049576j)
691.9999999999999,(-0.5329869833497083-0.25835945738315025j),(-0.08011850856147712+0.21430400238742983j),(-0.0756142453717163+0.20866796280556466j),(-0.6095060074726859-0.03451742021846402j)
693.0,(-0.5373535436607064-0.25097107914093914j),(-0.0756167919767582+0.21665474663663334j),(-0.07121937834667882+0.21088826481480327j),(-0.6095042379073761-0.024391421324693952j)
693.9999999999999,(-0.5415851603394968-0.24353252159859742j),(-0.07105052765494127+0.21889651809281346j),(-0.06677829321981388+0.21299546237901068j),(-0.609279928958415-0.014319147671408817j)
694.9999999999999,(-0.5456847995368262-0.23605085093323547j),(-0.06643280584780088+0.22102598850567845j),(-0.062302668425385635+0.21499489150938653j),(-0.6088487271661188-0.004311954979297525j)
696.0,(-0.5496575872977986-0.22853106246997382j),(-0.06177510987824078+0.22304841629686128j),(-0.057799614424322604+0.2168964769244006j),(-0.6082276193725483+0.005630068834620324j)
697.0,(-0.5535095309301257-0.2209751935479008j),(-0.057081725262241825+0.22497434148443254j),(-0.05326979325941479+0.21871189258842896j),(-0.6074268347652317+0.015516222273218225j)
697.9999999999999,(-0.5572459283398895-0.2133821906456397j),(-0.052347856037114254+0.22681322851019523j),(-0.048707181247257696+0.220451063885246j),(-0.6064450742664536+0.02535817870704395j)
698.9999999999999,(-0.5608698853572339-0.20574860356886465j),(-0.047562625348264026+0.22856739459606906j),(-0.04410063322811344+0.22211891251071197j),(-0.6052707704551678+0.035161425930391545j)
700.0,(-0.5643813496996202-0.19806995878172445j),(-0.042715540728861856+0.2302295312710688j),(-0.0394369377572458+0.22371322855813391j),(-0.6038889471013533+0.04491969717156095j)
700.9999999999999,(-0.567776949673937-0.1903424744216275j),(-0.03780308185372003+0.23178532504581903j),(-0.034704642346474336+0.2252243064581019j),(-0.6022902418932421+0.05461551492043219j)
702.0,(-0.5710507242301359-0.1825646715768634j),(-0.032831857058960266+0.23322001454369043j),(-0.02989768353628238+0.22663655667066243j),(-0.6004773596996426+0.06422685296507856j)
703.0,(-0.5741955980941391-0.1747384405670036j),(-0.02781643850333765+0.2345255648878499j),(-0.02501784692384956+0.22793180359977544j),(-0.5984653636313336+0.07373668528654981j)
704.0,(-0.5772052500296234-0.16686924001730452j),(-0.022772715911231745+0.2357046427036773j),(-0.02007531982687912+0.2290935245631203j),(-0.5962752745022905+0.08314050900161692j)
704.9999999999999,(-0.5800758969573686-0.15896531445449344j),(-0.017710022131562753+0.23676905664565723j),(-0.015087036169713892+0.23011098992883045j),(-0.5939239231758872+0.0924477255470684j)
706.0,(-0.5828075062155068-0.1510360642572296j),(-0.012626117237089361+0.23773310041871837j),(-0.010073051516451301+0.2309822105124068j),(-0.5914151174156297+0.10167572725009388j)
706.9999999999999,(-0.5854040599012155-0.14308993024106353j),(-0.0075078729827643955+0.23860492591292634j),(-0.005051700344835375+0.23171480962986793j),(-0.5887368061809953+0.11083924546425555j)
707.9999999999999,(-0.5878727068286715-0.13513230728192926j),(-0.002337714242706454+0.2393803006337202j),(-3.4653501882531026e-05+0.2323243762912254j),(-0.5858661239714077+0.11994012370319172j)
709.0,(-0.5902219024999851-0.1271640372325862j),(0.002897113995676865+0.24004216367474285j),(0.004976882341818763+0.23283043067664974j),(-0.5827802623758378+0.12896281081952707j)
710.0,(-0.5924588951001614-0.11918093734151765j),(0.008197075518360873+0.2405666370908554j),(0.00999374041177526+0.23325071654467278j),(-0.5794679530014222+0.13787831503014186j)
711.0,(-0.5945871054115561-0.11117461265960422j),(0.013548747675594637+0.2409328427749153j),(0.015037481510848086+0.2335949945615413j),(-0.5759355796505075+0.14665521703388j)
711.9999999999999,(-0.5966040241162602-0.10313452221496443j),(0.018930519601800977+0.241131626775341j),(0.02013612912088847+0.23385973623336878j),(-0.572204117158487+0.1552725387055206j)
713.0,(-0.598500189230546-0.09505097887513779j),(0.02432336379395596+0.24116829373358284j),(0.02531754127753625+0.23402504897840512j),(-0.5682973879593614+0.16372768243590463j)
713.9999999999999,(-0.6002596171600616-0.08691852557024568j),(0.029721533741738585+0.24105689335771255j),(0.030601578055373013+0.23405480021639782j),(-0.564226651183939+0.17203424240209136j)
714.9999999999998,(-0.6018617791430814-0.07873899963720282j),(0.03513728633489377+0.2408075317389893j),(0.03599258313467603+0.23390031665063793j),(-0.5599791780938028+0.18020877794407283j)
716.0,(-0.6032848973901157-0.07052360439281917j),(0.04059570397405502+0.24041190047282116j),(0.04147376343584656+0.23350732885028933j),(-0.5555178261481072+0.18825089910784162j)
717.0,(-0.6045100473739664-0.062293455851907896j),(0.04611975328043946+0.23983400148893105j),(0.047004797316300646+0.23282515204747145j),(-0.5507946816495307+0.19612496125668447j)
717.9999999999999,(-0.6055253546495056-0.054078336497559824j),(0.05171024907190253+0.23901191338499952j),(0.052523469499857804+0.23181658038998915j),(-0.5457760236276441+0.20375243923284572j)
718.9999999999999,(-0.6063295087532395-0.04591371690768379j),(0.057328466863352835+0.23787261778244656j),(0.05795141711130105+0.2304667312933568j),(-0.5404704901883146+0.21102103328666325j)
719.9999999999998,(-0.6069338992228227-0.03783643597569348j),(0.06288933695500583+0.23635676270081643j),(0.06320331089766563+0.22878916357749313j),(-0.5349496755264068+0.2178106813365847j)
721.0,(-0.6073628961568116-0.029879697018202277j),(0.0682701465746549+0.23444578905786007j),(0.06819813449844161+0.22682799839060605j),(-0.529351734926743+0.22403006721037455j)
721.9999999999998,(-0.6076521100280418-0.022068188193163966j),(0.07333444173036356+0.23218191195586949j),(0.07287078979632275+0.2246554242729568j),(-0.523863672557139+0.22965245846466645j)
722.9999999999999,(-0.6078448143851732-0.014414141836666878j),(0.07796524908890558+0.22967293761222407j),(0.07718213222457672+0.22236474829633232j),(-0.518685106629468+0.23473870239555442j)
724.0,(-0.607987035725507-0.006915006994090919j),(0.08209791649605491+0.2270784224280021j),(0.08112575179956708+0.22005992110381747j),(-0.5139828986773985+0.23943850494512722j)
724.9999999999999,(-0.6081220483647717+0.0004468512837192626j),(0.0857422733988049+0.22457969594133714j),(0.08473032596931453+0.2178430754661957j),(-0.5098496920623553+0.24396767036627312j)
725.9999999999998,(-0.6082851169213812+0.007702345159711495j),(0.0889867391277127+0.22234165212571863j),(0.08805708668080064+0.21580196611532035j),(-0.5062787703034286+0.24856654304739206j)
727.0,(-0.6084992880505484+0.014892013435787227j),(0.09198247574827335+0.22047706289943886j),(0.09119273754291406+0.21399922333744836j),(-0.5031628998588719+0.2534508566849047j)
728.0,(-0.6087728563537903+0.02206108563429731j),(0.09491180801579462+0.2190235015855694j),(0.09423888717171018+0.21246503402219846j),(-0.5003175946819529+0.2587685413795046j)
728.9999999999998,(-0.609098851279837+0.029254013862107235j),(0.09794983219594189+0.2179390549090617j),(0.09729960588392253+0.21119429953308227j),(-0.4975219886662232+0.2645740472872127j)
730.0,(-0.6094565636885942+0.03650928940442372j),(0.10122987842030233+0.21711724047230835j),(0.10046897606483898+0.21014859352549584j),(-0.4945656137454675+0.2708262042402971j)
731.0,(-0.6098148108743869+0.04385528765916488j),(0.10482182138334091+0.2164159039050144j),(0.10382045485145605+0.20926248362436664j),(-0.49128834047022985+0.2774085072018088j)
732.0,(-0.6101363815846647+0.051307692730478055j),(0.10872787561940445+0.2156911790740602j),(0.10739952082049171+0.20845311877009368j),(-0.48760366017365986+0.28416438259063165j)
732.9999999999998,(-0.6103829487134514+0.058868779973293234j),(0.1128950491245385+0.21482692203819342j),(0.11122050436191788+0.20763152699401038j),(-0.4835011646459304+0.2909364187868194j)
734.0,(-0.6105197075317079+0.06652853135623416j),(0.11723870474955574+0.21375235768777814j),(0.11526781041340309+0.20671388404600527j),(-0.47903048174268253+0.2975986455651608j)
734.9999999999999,(-0.6105190894839876+0.07426727748924296j),(0.12166914147982447+0.21244499374775053j),(0.11950105365364515+0.20563111905698003j),(-0.4742739562276289+0.30407434793533306j)
736.0,(-0.6103630927080234+0.08205934730083621j),(0.12611335157124093+0.21092057857512686j),(0.12386305474418909+0.20433558598726992j),(-0.46931757218747505+0.31033717887228446j)
736.9999999999999,(-0.6100440219208698+0.08987709272597917j),(0.13052674931370553+0.20921544677630774j),(0.12828927994595715+0.20280407367099493j),(-0.46422861773041024+0.3163986009512672j)
738.0,(-0.6095636958134616+0.0976946532916662j),(0.13489356499847083+0.20736799888602922j),(0.13271719331824644+0.20103705107901038j),(-0.45904510796730946+0.3222882598467405j)
738.9999999999998,(-0.6089314141772934+0.10549092615790792j),(0.13921832783760427+0.20540512180508685j),(0.13709413253305983+0.19905463915329766j),(-0.45377745710451683+0.32803484814839196j)
740.0,(-0.6081611430244118+0.11325138591893616j),(0.14351322718575274+0.2033367013146842j),(0.14138267448976585+0.19689026960058148j),(-0.44841893732179167+0.33365341105241897j)
740.9999999999999,(-0.6072684518538328+0.12096861882915776j),(0.14778655535998642+0.20115812844893372j),(0.14556295050207305+0.19458326586201807j),(-0.4429592934876006+0.33914177594658756j)
742.0,(-0.6062677181000191+0.12864165748569847j),(0.15203604717807864+0.19885803171285327j),(0.14963190995835515+0.19217163153653005j),(-0.43739594993362363+0.3444851907270682j)
742.9999999999999,(-0.605170011493472+0.1362743870335359j),(0.1562484834990656+0.19642719358932548j),(0.1536000224623755+0.18968616671385005j),(-0.4317391821687335+0.3496655910442946j)
744.0,(-0.6039819106234593+0.14387341481101396j),(0.16040442132690214+0.19386495580505822j),(0.15748627347632102+0.18714669855426366j),(-0.42601048123425833+0.3546709484252268j)
744.9999999999999,(-0.602705318208925+0.15144583769638253j),(0.1644852321941685+0.1911810139540659j),(0.16131249708092682+0.18456077970483786j),(-0.42023598072633694+0.35950095013966227j)
745.9999999999999,(-0.6013381645949821+0.1589973057532514j),(0.16847924091047972+0.1883925940517651j),(0.16509808550688995+0.1819247583606114j),(-0.41443835238794946+0.36416727463086207j)
747.0,(-0.5998757502200297+0.16653068101797913j),(0.17238460340973394+0.18551876915893348j),(0.16885593664372142+0.17922673454636298j),(-0.40863062797048666+0.3686890540443834j)
747.9999999999999,(-0.5983123972465173+0.1740454501015946j),(0.17620815779136445+0.18257452315799197j),(0.17259019411658671+0.17645064904805682j),(-0.4028141737608581+0.3730858752307607j)
749.0,(-0.5966430661853264+0.18153789709297957j),(0.17996113798764068+0.1795669219108372j),(0.17629596394720704+0.1735806388571673j),(-0.39698115999878275+0.3773713060287997j)
750.0,(-0.594864640839942+0.1890019067677757j),(0.18365373812408944+0.17649465078368715j),(0.17996082677420167+0.17060484072989088j),(-0.391120108431447+0.38154936808553575j)
751.0,(-0.5929766795469309+0.19643016957960363j),(0.18729072530552002+0.1733507418788538j),(0.18356766742105882+0.1675180092176176j),(-0.3852220961202999+0.38561497807711453j)
752.0,(-0.5909815509826177+0.20381551274146817j),(0.1908696546797093+0.1701271190613022j),(0.18709815926559062+0.16432259246193406j),(-0.37928521578836555+0.38955776744303516j)
752.9999999999998,(-0.5888839948538859+0.21115208895160734j),(0.19438208687137057+0.16681904837489472j),(0.190536190797004+0.1610282214397422j),(-0.37331580787164104+0.39336748653558334j)
753.9999999999999,(-0.5866902497571513+0.21843620914635586j),(0.19781703301716325+0.16342781905579376j),(0.19387060214519897+0.15764985844684273j),(-0.36732634396512714+0.3970387975951738j)
755.0000000000001,(-0.5844069562354719+0.2256666935068024j),(0.2011650950750534+0.15996081890884165j),(0.19709678410696815+0.154205069761808j),(-0.361331101714609+0.4005737176150967j)
755.9999999999999,(-0.5820400644441746+0.23284471682137386j),(0.20442166322413974+0.15642922991241162j),(0.20021693933754597+0.15071100370132395j),(-0.35534147605303745+0.40398102337446173j)
756.9999999999998,(-0.5795939533674844+0.2399732205834155j),(0.207588046791565+0.15284443865315295j),(0.20323906585447785+0.14718165752080323j),(-0.3493627230618036+0.40727312671148425j)
758.0000000000001,(-0.5770709104707155+0.24705603813607693j),(0.21067029502940196+0.1492146313938893j),(0.20617494977032072+0.14362591458083204j),(-0.3433932283914047+0.41046181586078395j)
759.0000000000001,(-0.5744710408280144+0.254096919589811j),(0.2136763477981532+0.14554283791457562j),(0.20903761021242667+0.14004665400459615j),(-0.3374263570285383+0.4135545465326586j)
759.9999999999999,(-0.5717925895176443+0.2610986459724834j),(0.2166127189889764+0.1418270356660488j),(0.21183870326812865+0.13644101693840188j),(-0.33145398538334364+0.416552610537847j)
760.9999999999999,(-0.5690325862505978+0.26806239006495425j),(0.2194819829011984+0.13806210915672712j),(0.21458636003575596+0.1328016982577811j),(-0.3254702790425821+0.4194517032257058j)
762.0,(-0.566187669314896+0.27498742347931715j),(0.2222819289495966+0.13424279277346135j),(0.21728382000400842+0.12911895785242533j),(-0.3194743138421139+0.42224448940851417j)
762.9999999999999,(-0.5632549242871051+0.2818711984133646j),(0.22500656496056645+0.13036643690830432j),(0.21992905177137628+0.12538293894304522j),(-0.31347067720674787+0.42492407409032545j)
763.9999999999999,(-0.5602325828662394+0.2887097620502695j),(0.22764845844048273+0.12643459687985797j),(0.22251536275036718+0.1215858555538685j),(-0.307467989889932+0.4274870470570273j)
764.9999999999998,(-0.5571204641960181+0.2954984043200611j),(0.2302014588957867+0.12245295328444049j),(0.2250328230730069+0.11772366533886945j),(-0.30147604337293+0.4299350323175122j)
766.0,(-0.553920096309178+0.30223240482877517j),(0.23266278155231673+0.11842971645052261j),(0.22747019626915507+0.11379696182601044j),(-0.2955026900438346+0.43227429599478323j)
766.9999999999999,(-0.5506345175264359+0.3089077365931557j),(0.23503374257067863+0.11437320354775699j),(0.2298170002963834+0.10981097634618787j),(-0.28955162248904415+0.4345136961509189j)
767.9999999999999,(-0.5472678151723211+0.3155216021067106j),(0.23731897519512637+0.11028952225069837j),(0.23206532443722638+0.10577474434274325j),(-0.28362177365657665+0.43666182722693375j)
769.0000000000001,(-0.543824502010666+0.32207271599033394j),(0.23952451354900653+0.10618118686984968j),(0.2342110948931548+0.10169963420665976j),(-0.2777084387306887+0.43872443316369264j)
769.9999999999998,(-0.5403088528782638+0.32856129959707603j),(0.24165550667914104+0.1020470993528621j),(0.23625459818491643+0.09759753589124551j),(-0.2718056032392904+0.44070298838409455j)
770.9999999999998,(-0.5367243228208401+0.33498880650672785j),(0.24371440194495897+0.09788381113424251j),(0.2382002131154014+0.09347904735464693j),(-0.2659085748270766+0.44259486888453536j)
772.0000000000001,(-0.5330731455652759+0.341357444282838j),(0.24570021124681055+0.09368753431226633j),(0.24005544286437352+0.08935197642881189j),(-0.260015974489271+0.4443949478433452j)
773.0,(-0.5293561729017332+0.3476695895856128j),(0.24760904914503284+0.08945614353586907j),(0.241829454629837+0.08522040178015876j),(-0.2541304333975046+0.4460979645995676j)
773.9999999999998,(-0.5255729693174719+0.35392720628965674j),(0.24943567257920404+0.08519046528527588j),(0.2435314069807754+0.08108442552891743j),(-0.24825783681869595+0.4477007924267157j)
775.0,(-0.5217221306191054+0.3601313688497852j),(0.2511754201931071+0.08089444775629055j),(0.24516886523630801+0.076940623297034j),(-0.24240547019557607+0.44920382557349203j)
776.0,(-0.5178017581421593+0.3662819684934996j),(0.25282585036224187+0.07657422107313444j),(0.24674657281611084+0.07278307756402616j),(-0.23657977658291798+0.4506110622004066j)
776.9999999999999,(-0.5138099972791107+0.372377643356537j),(0.25438752742380644+0.07223644125550252j),(0.24826577055596175+0.06860478708365743j),(-0.23078452054828705+0.4519289353686323j)
777.9999999999999,(-0.5097455433923538+0.37841593249531347j),(0.25586373501427484+0.0678865328591482j),(0.2497241521026965+0.06439919273107764j),(-0.22501996245089212+0.4531643682840563j)
778.9999999999998,(-0.5056080295061851+0.38439361517018944j),(0.2572592779047414+0.06352744068507088j),(0.25111643095610436+0.060161554703353326j),(-0.2192832642461322+0.4543227627520339j)
779.9999999999999,(-0.5013982354110642+0.3903071672801863j),(0.25857883510551793+0.05915928844073942j),(0.2524353929147763+0.055889955420483764j),(-0.21356991694103505+0.4554066069030248j)
780.9999999999999,(-0.49711809175253246+0.39615325074361j),(0.2598254508999978+0.05478000882975678j),(0.2536732329244728+0.05158577737667119j),(-0.20787564886184487+0.45641513611646867j)
781.9999999999999,(-0.4927704890069279+0.4019291507887977j),(0.2609996676767188+0.05038667648062206j),(0.2548229383698387+0.047253600922869676j),(-0.20219814643219056+0.4573451006271118j)
782.9999999999999,(-0.48835893369873856+0.40763308968539014j),(0.26209955738127905+0.04597705438851874j),(0.2558794854938289+0.04290056639596187j),(-0.19653802306208848+0.45819232042241637j)
783.9999999999999,(-0.48388711760361847+0.4132643702046689j),(0.2631215912925276+0.041550822207597496j),(0.25684065858503524+0.03853533152679402j),(-0.190898756163119+0.45895346581740326j)
785.0,(-0.47935847668572695+0.4188233331996105j),(0.2640620111997787+0.03711009258613516j),(0.2577073734876241+0.03416681522668057j),(-0.18528567068493992+0.45962746130951193j)
786.0,(-0.4747758140944237+0.4243111455722073j),(0.2649182179678339+0.032659081706910405j),(0.25848347438048924+0.029802944394674773j),(-0.17970435699916404+0.4602160703792123j)
786.9999999999999,(-0.47014104693728437+0.42972946222499725j),(0.26568971576132483+0.02820308810585456j),(0.25917506049796396+0.02544960918182761j),(-0.17415907356630778+0.46072351362612346j)
787.9999999999999,(-0.4654551129173541+0.43508002415582386j),(0.26637832317298576+0.02374715309990032j),(0.25978947327629387+0.02110998815090378j),(-0.16865165764545637+0.46115529684032414j)
789.0000000000001,(-0.4607180447031241+0.44036426214455887j),(0.2669876195011569+0.01929485950464202j),(0.2603341231889473+0.016784336977327133j),(-0.16318127196611734+0.46151667217843656j)
790.0,(-0.45592919197885096+0.4455829709937444j),(0.26752184611981866+0.014847654526259422j),(0.26081535286441726+0.012470255011712677j),(-0.1577450260847447+0.46181125013372615j)
791.0,(-0.4510875480227288+0.45073610446268936j),(0.26798464791799925+0.010404890801209613j),(0.2612375179666146+0.008163366522285016j),(-0.15233922726014543+0.46204020215609926j)
792.0,(-0.44619212283341475+0.45582271889415477j),(0.26837807041898376+0.005964536377610933j),(0.26160242398955463+0.003858290013565611j),(-0.14696082758502016+0.4622022798142078j)
792.9999999999999,(-0.4412423001709658+0.4608410680778514j),(0.26870212317558617+0.001524291505580224j),(0.2619091940226222-0.0004502710368565591j),(-0.14160859548015142+0.46229460331203087j)
794.0,(-0.4362381215461894+0.46578882740546496j),(0.268955021624103-0.0029172662932356714j),(0.26215457074430054-0.00476649432347039j),(-0.136283653093761+0.46231393038143676j)
795.0,(-0.4311804546759313+0.4706634057051485j),(0.2691339969116331-0.007359876239028236j),(0.26233358717823985-0.009092622988450212j),(-0.13098924111044047+0.46225798038929755j)
795.9999999999999,(-0.42607102440734607+0.47546229114997623j),(0.26923638848226633-0.011801367531470035j),(0.2624404857004366-0.013428487758242388j),(-0.12572982307924163+0.4621263940096623j)
797.0,(-0.42091230701386917+0.48018337477479606j),(0.269260659659469-0.016238056067714685j),(0.2624697312748036-0.017771428479837093j),(-0.12050984229947215+0.46192104536933504j)
798.0,(-0.4157073103309311+0.48482520134185686j),(0.26920701938825614-0.020665610185329253j),(0.2624169569756941-0.022116611659362965j),(-0.11533253609189935+0.46164564046744333j)
799.0,(-0.41045927912028385+0.4893871110827059j),(0.2690774730959986-0.02508009183373478j),(0.2622796974019313-0.026457679326249973j),(-0.11019917324869727+0.46130476068348353j)
800.0,(-0.4051713749431615+0.4938692546335543j),(0.26887531285541627-0.029478839776607948j),(0.26205780455994143-0.03078761616878019j),(-0.10510893069279592+0.460902673392396j)
